State,Name,Primary_Occupation,Sex,Race,Birth_Date,Death_Date,Wikipedia_Link
Michigan,Green Arrow Route,,,,,,
Michigan,Green Arrow Route-Mackinac Trail,,,,,,
Michigan,Charles J. Rogers Interchange,,,,,,
Michigan,SPC Robert Friese Memorial Highway,,,,,,
Indiana,Tuskegee Airmen Memorial Highway,,,,,,https://en.wikipedia.org/wiki/Interstate_75_in_Michigan
Michigan,David Warsen Memorial Highway,,,,,,
Michigan,Earle Memorial Highway,,,,,,
Michigan,G. Mennen Williams Highway and Prentiss M. Brown Memorial Highway,,,,,,
Michigan,Specialist 5 Michael May and Corporal Chris Esckelson Memorial Highway,,,,,,
Michigan,Pulaski Memorial Highway,,,,,,
Indiana,American Legion Memorial Highway,,,,,,https://en.wikipedia.org/wiki/American_Legion_Memorial_Highway
Michigan,Corpsman Aaron D. Ullom Memorial Bridge,,,,,,
Michigan,Adler Memorial Highway,,,,,,
Michigan,Marine Lance Corporal Ryan Burgess Memorial Highway,,,,,,
Michigan,Gold Star Mothers Memorial Highway,,,,,,
Michigan,Iron Brigade Memorial Highway,,,,,,
Michigan,Moses J. Jones Parkway,,,,,,
Michigan,Sheriff Robert Radden Memorial Highway,,,,,,
Michigan,Marine Corps League Memorial Highway,,,,,,
Michigan,United Spanish War Veterans' Memorial Highway,,,,,,
Michigan,Staff Sergeant Ergin V. Osman Memorial Highway,,,,,,
Michigan,Veteran's Memorial Causeway,,,,,,
Michigan,Ronald W. Reagan Memorial Highway,,,,,,
Michigan,Philip A. Hart Memorial Highway,,,,,,
Michigan,Corporal Matthew Edwards Memorial Highway,,,,,,
Michigan,Columbus Memorial Highway,,,,,,
Indiana,World War II Veterans Memorial Highway,,,,,,https://en.wikipedia.org/wiki/World_War_II_Veterans_Memorial_Highway
Indiana,Blue Star Memorial Highway,,,,,,https://en.wikipedia.org/wiki/Blue_Star_Memorial_Highway
Michigan,"""Carl Oleson, Jr. Bridge""",,,,,,
Michigan,Sgt. Henry E. Plant Memorial Grand River Bridge Non-Motorized Trail,,,,,,
Michigan,David Dunbar Buick Freeway and The UAW Freeway,,,,,,
Indiana,Veterans Memorial Bridge,,,,,,https://en.wikipedia.org/wiki/Detroit%E2%80%93Superior_Bridge
Michigan,Tim Sanborn Memorial Highway,,,,,,
Indiana,Walter P. Chrysler Freeway,,,,,,https://en.wikipedia.org/wiki/Interstate_75_in_Michigan
Michigan,"""John Wayne """"Dusty"""" Marcum Memorial Highway""",,,,,,
Michigan,Vietnam Veterans Memorial Highway,,,,,,
Indiana,Purple Heart Highway,,,,,,
Michigan,Holocaust Memorial Highway,,,,,,
Michigan,Sydney Ouwinga Memorial Bypass,,,,,,
Michigan,Firefighter Brian Woehlke Memorial Highway,,,,,,
Michigan,Veterans of Foreign Wars Memorial Highway,,,,,,
Michigan,AmVets Memorial Highway,,,,,,
Michigan,Cesar E. Chavez Way,,,,,,
Michigan,Bernie Borden Memorial Overpass,,,,,,
Michigan,Clara Barton Memorial Highway,,,,,,
Michigan,Matt McNeely Boulevard,,,,,,
Michigan,Pere Marquette Memorial Highway,,,,,,
Michigan,POW/MIA Memorial Freeway,,,,,,
Michigan,PFC Shane Cantu Veterans Memorial Highway,,,,,,
Michigan,Sergeant Joe Johnson Memorial Highway,,,,,,
Michigan,Trooper Jeffrey Werda Memorial Highway,,,,,,
Indiana,Gerald R. Ford Freeway,,,,,,https://en.wikipedia.org/wiki/Interstate_196
Michigan,"""Graham Barlow Jr., WWII Memorial Highway""",,,,,,
Michigan,D. H. Day Highway,,,,,,
Michigan,Brian Derks Memorial Highway,,,,,,
Indiana,Christopher Columbus Freeway,,,,,,https://en.wikipedia.org/wiki/M-53_(Michigan_highway)
Indiana,Veteran's Memorial Highway,,,,,,https://en.wikipedia.org/wiki/Nova_Scotia_Highway_102
Michigan,PFC Harold R. Cooley WWII Marine Corps League Memorial Highway,,,,,,
Michigan,Auxiliary Lieutenant Dan Kromer Memorial Highway,,,,,,
Michigan,Trooper Vicki Moreau DeVries Memorial Highway,,,,,,
Indiana,Veteran's Memorial Highway,,,,,,https://en.wikipedia.org/wiki/Nova_Scotia_Highway_102
Michigan,Officer Martin 'Marty' Chivas Memorial Highway,,,,,,
Michigan,94th Combat Infantry Division Memorial Highway,,,,,,
Michigan,Carleton Road,,,,,,
Michigan,PFC Andrew H. Nelson Memorial Highway,,,,,,
Michigan,AmVets Memorial Parkway,,,,,,
Michigan,Jacobetti Highway,,,,,,
Michigan,Trooper Calvin R. Jones Memorial Highway,,,,,,
Michigan,AmVets Memorial Drive,,,,,,
Michigan,Joseph H. Meagher Memorial Highway,,,,,,
Michigan,James Bondsteel Memorial Highway,,,,,,
Michigan,Underground Railroad Memorial Highway,,,,,,
Michigan,Chief Ed Switalski Memorial Highway,,,,,,
Michigan,Frank D. Fitzgerald Memorial Highway,,,,,,
Michigan,Earl DeMarse Memorial Highway,,,,,,
Indiana,Veterans Memorial Road,,,,,,
Michigan,Underground Railroad Memorial Highway,,,,,,
Michigan,Trooper Larry Forreider Memorial Highway,,,,,,
Michigan,Detective Lavern S. Brann Memorial Highway,,,,,,
Michigan,Matt Urban Memorial Bridge,,,,,,
Indiana,Veterans Memorial Bridge,,,,,,https://en.wikipedia.org/wiki/Detroit%E2%80%93Superior_Bridge
Michigan,Peter A. Pettalia Memorial Highway,,,,,,
Michigan,Lansing Firefighter Dennis E. Rodeman Memorial Highway,,,,,,
Michigan,107th Engineer Memorial Road,,,,,,
Michigan,Mitchel A. Kiefer Foundation for Distracted Driver Awareness Highway,,,,,,
Michigan,United Spanish War Veterans' Memorial Highway,,,,,,
Indiana,Veteran's Memorial Highway,,,,,,https://en.wikipedia.org/wiki/Nova_Scotia_Highway_102
Michigan,Officer James Bonneau Memorial Bridge,,,,,,
Michigan,Dr. Martin Luther King Jr. Memorial Highway,,,,,,
Michigan,Fallen Soldiers of Iraqi Freedom Memorial Highway,,,,,,
Michigan,Major Andrew Becker USAF Memorial Hwy,,,,,,
Indiana,Veterans Memorial Highway,,,,,,https://en.wikipedia.org/wiki/Interstate_15_in_Utah
Michigan,Heath Michael Robinson Cut River Memorial Bridge,,,,,,
Michigan,Sojourner Truth Memorial Highway,,,,,,
Michigan,Harry Gast Parkway,,,,,,
Michigan,Trooper Robert J. Mihalik Memorial Highway,,,,,,
Michigan,Ontonagon County Veterans Memorial Bridge,,,,,,
Michigan,Kenneth J. Moraska Memorial Highway,,,,,,
Michigan,Roberts-Linton Highway and Veterans of World War I Memorial Highway,,,,,,
Michigan,Tpr. Steven B. Devries Memorial Highway,,,,,,
Michigan,Leif Erikson Memorial Highway,,,,,,
Michigan,Deputy Grant Whitaker Memorial Highway,,,,,,
Michigan,Candice Dunn Memorial Highway,,,,,,
Indiana,Veterans Highway,,,,,,https://en.wikipedia.org/wiki/Veterans_Highway
Michigan,Louis Chevrolet Freeway,,,,,,
Michigan,Walter P. Reuther Highway,,,,,,
Michigan,Olds Freeway,,,,,,
Michigan,Veterans Memorial Freeway,,,,,,
Indiana,Veterans Memorial Highway,,,,,,https://en.wikipedia.org/wiki/Interstate_15_in_Utah
Michigan,Chevrolet-Buick Freeway,,,,,,
Michigan,DeWayne T. Williams Memorial Highway,,,,,,
Michigan,Fort Custer Memorial Highway,,,,,,
Michigan,Haskell L. Nichols Memorial Highway,,,,,,
Michigan,117th Quartermaster Battalion,,,,,,
Indiana,St. Joseph Valley Parkway,,,,,,https://en.wikipedia.org/wiki/St._Joseph_Valley_Parkway
Michigan,Disabled American Veterans Memorial Highway,,,,,,
Indiana,Paul B. Henry Freeway,,,,,,https://en.wikipedia.org/wiki/M-6_(Michigan_highway)
Michigan,Keith Deacon Memorial Highway,,,,,,
Michigan,Veterans' Memorial Drive,,,,,,
Indiana,Pearl Harbor Memorial Highway,,,,,,https://en.wikipedia.org/wiki/Pearl_Harbor_Memorial_Highway
Michigan,James G. O'Hara Freeway,,,,,,
Michigan,James M. Pelton Firefighters Memorial Highway,,,,,,
Michigan,Gary Priess Memorial Highway,,,,,,
Michigan,Eric Zapata Memorial Highway,,,,,,
Michigan,Oscar G. Johnson Memorial Highway,,,,,,
Indiana,Purple Heart Trail,,,,,,https://en.wikipedia.org/wiki/Interstate_5_in_Washington
Indiana,Veterans Memorial Highway,,,,,,https://en.wikipedia.org/wiki/Interstate_15_in_Utah
Michigan,Elgie G. Hanna Memorial Highway,,,,,,
Michigan,Trooper Paul K. Butterfield II Memorial Highway,,,,,,
Michigan,Kevin Sherwood Memorial Highway,,,,,,
Indiana,Korean War Veterans Memorial Highway,,,,,,https://en.wikipedia.org/wiki/Korean_War_Veterans_Memorial_Highway
Michigan,102nd United States Colored Troops (U.S.C.T.) Memorial Highway,,,,,,
Michigan,Clare County Veterans Memorial Highway,,,,,,
Michigan,10th Mountain Division Highway,,,,,,
Michigan,Joseph Prentler Memorial Highway,,,,,,
Michigan,AMVETS Memorial Scenic Drive,,,,,,
Michigan,Rosa Parks Memorial Highway,,,,,,
Michigan,Officer Trevor Slot Memorial Highway,,,,,,
Michigan,Trooper Rick L. Johnson Memorial Freeway,,,,,,
Michigan,Mark V. Ingram II Freeway,,,,,,
Michigan,Medal of Honor Recipients Highway,,,,,,
Michigan,William Davidson Memorial Highway,,,,,,
Michigan,George Edward (Ted) Seman Memorial Highway,,,,,,
Michigan,"""Hazen Shirley 'Kiki"""" Cuyler Memorial Highway""",,,,,,
Michigan,Violet T. Lewis Memorial Highway,,,,,,
Michigan,PFC Nicholas H. Blodgett Memorial Highway,,,,,,
Michigan,CPL Ross A. Smith Memorial Highway,,,,,,
Michigan,Deputy Eric Overall Memorial Highway,,,,,,
Michigan,Gunnery Sgt. Daniel Price Memorial Highway,,,,,,
Michigan,Trooper Craig A. Scott Memorial Highway,,,,,,
Michigan,Det. Sgt. Christopher M. Wouters Memorial Highway,,,,,,
Michigan,Chief Petty Officer Jason Freiwald Memorial Highway,,,,,,
Michigan,Staff Sergeant Duane J. Dreasky Memorial Highway,,,,,,
Michigan,Trooper Craig A. Scott Memorial Highway,,,,,,
Michigan,Michigan State Trooper Timothy O'Neill Memorial Highway,,,,,,
Michigan,PFC Alan Robert Blohm Memorial Hwy,,,,,,
Michigan,Corrections Officers Jack Budd and Josephine McCallum Memorial Highway,,,,,,
Michigan,Sergeant Collin Rose Memorial Highway,,,,,,
Indiana,Purple Heart Trail,,,,,,https://en.wikipedia.org/wiki/Interstate_5_in_Washington
Michigan,Marine Sergeant Michael P. Hodshire Memorial Highway,,,,,,
Michigan,"""""""Sgt. Craig S. Frank Memorial Highway.""""""",,,,,,
Michigan,Trooper Byron J Erickson Memorial Highway,,,,,,
Michigan,PFC Brett Witteveen Memorial Highway,,,,,,
Michigan,Marine Lance Corporal Steven J Szymanski Memorial Highway,,,,,,
Michigan,Cpl Casey P Zylman Memorial Highway,,,,,,
Michigan,Deputy Gate Keeper George W Haight Memorial Highway,,,,,,
Michigan,SPC Holly McGeogh Memorial Highway,,,,,,
Michigan,Ensign Francis Flaherty Medal of Honor Recipient Memorial Highway,,,,,,
Michigan,Sergeant Matthew R Soper Memorial Highway Memorial Highway,,,,,,
Michigan,Lance Corporal Justin Ellsworth Memorial Highway,,,,,,
Michigan,Staff Sergeant Eugene H. E. Alex Memorial Highway,,,,,,
Michigan,Aretha L Franklin Memorial Highway,,,,,,
Michigan,Trooper Rodger M Adams Memorial Highway,,,,,,
Michigan,Michigan Desert Storm Veterans Memorial Highway,,,,,,
Michigan,Deputy Ernest W. Heikkila Memorial Highway,,,,,,
Michigan,Patrolman Bobby Lynn Williams Memorial Highway,,,,,,
Michigan,Sergeant Kristopher J. Gould Memorial Bridge,,,,,,
Michigan,"""""""Trooper James R. DeLoach and Trooper Steven J. Niewiek Memorial Highway""""""",,,,,,
Michigan,"""""""Army Specialist Deangelo Snow Memorial Highway""""""",,,,,,
Michigan,"""""""Officer Jessica Nagle-Wilson Memorial Highway"""".""",,,,,,
Michigan,"""""""Sergeant Ryan J. Proxmire Memorial Highway.""""""",,,,,,
Michigan,Trooper Caleb Starr Memorial Highway,,,,,,
Michigan,Kevin D. White Memorial Highway,,,,,,
Michigan,Firefighter Coleman A. Tate Memorial Highway,,,,,,
Michigan,Veterans' Memorial Highway,,,,,,
Michigan,Senator Tom Casperson Memorial Bridge,,,,,,
Michigan,Julie Plawecki Memorial Highway,,,,,,
Michigan,Army Sergeant First Class Michael Cathcart Memorial Highway,,,,,,
Michigan,Bataan and Corregidor Veterans Memorial Highway,,,,,,
Michigan,BEN LAUREN AND DON RILING MEMORIAL HIGHWAY,,,,,,
Michigan,Darryl M. Rantanen Memorial Highway,,,,,,
Michigan,Officer Mason Samborski Memorial Highway,,,,,,
Michigan,Officer Scott Flahive Memorial Highway,,,,,,
Michigan,PFC Kenneth Coates Memorial Interchange,,,,,,
Michigan,Trooper Manuel H. Fields Memorial Highway,,,,,,
Michigan,Samuel R. Costello Memorial Highway,,,,,,
Michigan,"""""""Peter A. Pettalia Memorial Highway""""""",,,,,,
Michigan,"""""""Peter C. Lemon Highway""""""",,,,,,
Michigan,UAW Sitdown Strike Memorial Highway,,,,,,
Michigan,Disabled American Veterans Memorial Highway,,,,,,
Michigan,Disabled American Veterans Highway,,,,,,
Michigan,Barry Lyn Hause Memorial Highway,,,,,,
Michigan,Captain Joseph M. Liedel Memorial Highway,,,,,,
Michigan,Officer Leroy Imus Memorial Highway,,,,,,
Michigan,PFC Ronald James Fitch Memorial Highway,,,,,,
Michigan,Private Wesley Vietti Karna Memorial Highway,,,,,,
Michigan,Senior Chief Petty Officer Jason P. May Memorial Highway,,,,,,
