State,Island,Source_URL,Raw,Route,Road_or_Description,Parenthetical
Hawaii,Oahu,https://hidot.hawaii.gov/highways/home/oahu/oahu-state-roads-and-highways/,Interstate Route H-1 (Lunalilo Freeway and Queen Liliuokalani Freeway),H-1,Interstate Route H-1,Lunalilo Freeway and Queen Liliuokalani Freeway
Hawaii,Oahu,https://hidot.hawaii.gov/highways/home/oahu/oahu-state-roads-and-highways/,Interstate Route H-2 (Veterans Memorial Freeway),H-2,Interstate Route H-2,Veterans Memorial Freeway
Hawaii,Oahu,https://hidot.hawaii.gov/highways/home/oahu/oahu-state-roads-and-highways/,Interstate Route H-3 (John A. Burns Freeway),H-3,Interstate Route H-3,John A. Burns Freeway
Hawaii,Oahu,https://hidot.hawaii.gov/highways/home/oahu/oahu-state-roads-and-highways/,Interstate Route H-201 (Moanalua Freeway),H-201,Interstate Route H-201,Moanalua Freeway
Hawaii,Oahu,https://hidot.hawaii.gov/highways/home/oahu/oahu-state-roads-and-highways/,Ala Ike Street (Leeward Community College),,Ala Ike Street,Leeward Community College
Hawaii,Oahu,https://hidot.hawaii.gov/highways/home/oahu/oahu-state-roads-and-highways/,Ala Moana Boulevard from Richards Street to 135 Feet Makai of Kalakaua Avenue (Route 92),92,Ala Moana Boulevard from Richards Street to 135 Feet Makai of Kalakaua Avenue,Route 92
Hawaii,Oahu,https://hidot.hawaii.gov/highways/home/oahu/oahu-state-roads-and-highways/,Fort Barrette Road from Barbers Point Naval Reservation Boundary to Makakilo Drive Overpass (Route 901),901,Fort Barrette Road from Barbers Point Naval Reservation Boundary to Makakilo Drive Overpass,Route 901
Hawaii,Oahu,https://hidot.hawaii.gov/highways/home/oahu/oahu-state-roads-and-highways/,Bingham Street from Punahou Street to 360 Feet East of Isenberg Street,,Bingham Street from Punahou Street to 360 Feet East of Isenberg Street,
Hawaii,Oahu,https://hidot.hawaii.gov/highways/home/oahu/oahu-state-roads-and-highways/,Bougainville Drive from Radford Drive to Salt Lake Boulevard (Route 7350),7350,Bougainville Drive from Radford Drive to Salt Lake Boulevard,Route 7350
Hawaii,Oahu,https://hidot.hawaii.gov/highways/home/oahu/oahu-state-roads-and-highways/,Coral Sea Road (Route 8955),8955,Coral Sea Road,Route 8955
Hawaii,Oahu,https://hidot.hawaii.gov/highways/home/oahu/oahu-state-roads-and-highways/,Enterprise Avenue (Route 8945),8945,Enterprise Avenue,Route 8945
Hawaii,Oahu,https://hidot.hawaii.gov/highways/home/oahu/oahu-state-roads-and-highways/,"Farrington Highway from Fort Weaver Road (Old) to Kamehameha Highway, Inbound Off-Ramp (Waiawa Interchange) (Routes 99, 7110 & 7101)",,"Farrington Highway from Fort Weaver Road (Old) to Kamehameha Highway, Inbound Off-Ramp (Waiawa Interchange)","Routes 99, 7110 & 7101"
Hawaii,Oahu,https://hidot.hawaii.gov/highways/home/oahu/oahu-state-roads-and-highways/,"Farrington Highway at Kamokila Boulevard, 500 Feet on both sides of the intersection (Route 93)",93,"Farrington Highway at Kamokila Boulevard, 500 Feet on both sides of the intersection",Route 93
Hawaii,Oahu,https://hidot.hawaii.gov/highways/home/oahu/oahu-state-roads-and-highways/,Farrington Highway from H-1 Palailai Interchange to the Kaena Point State Park Boundary (Route 93),93,Farrington Highway from H-1 Palailai Interchange to the Kaena Point State Park Boundary,Route 93
Hawaii,Oahu,https://hidot.hawaii.gov/highways/home/oahu/oahu-state-roads-and-highways/,Farrington Highway from the Kaena Point State Park Boundary to Kaukonahua Road at Thompson Corner (Route 930),930,Farrington Highway from the Kaena Point State Park Boundary to Kaukonahua Road at Thompson Corner,Route 930
Hawaii,Oahu,https://hidot.hawaii.gov/highways/home/oahu/oahu-state-roads-and-highways/,Farrington Highway (Old) from H-1 Palailai Interchange to Kaena Point State Park Gate (Route 93),93,Farrington Highway (Old) from H-1 Palailai Interchange to Kaena Point State Park Gate,Route 93
Hawaii,Oahu,https://hidot.hawaii.gov/highways/home/oahu/oahu-state-roads-and-highways/,Fort Weaver Road from the Navy Reservation Gate to Farrington Highway (Route 76),76,Fort Weaver Road from the Navy Reservation Gate to Farrington Highway,Route 76
Hawaii,Oahu,https://hidot.hawaii.gov/highways/home/oahu/oahu-state-roads-and-highways/,Franklin D. Roosevelt Avenue (Route 8940),8940,Franklin D. Roosevelt Avenue,Route 8940
Hawaii,Oahu,https://hidot.hawaii.gov/highways/home/oahu/oahu-state-roads-and-highways/,Funchal Street from Pauoa Road to Pali Highway,,Funchal Street from Pauoa Road to Pali Highway,
Hawaii,Oahu,https://hidot.hawaii.gov/highways/home/oahu/oahu-state-roads-and-highways/,Halawa Heights Road from Kahuapaani Street to Gate No. 3 at Camp H. M. Smith (Route 7241),7241,Halawa Heights Road from Kahuapaani Street to Gate No. 3 at Camp H. M. Smith,Route 7241
Hawaii,Oahu,https://hidot.hawaii.gov/highways/home/oahu/oahu-state-roads-and-highways/,Halawa Valley Road from Ulune Street to Iwaiwa Street (Route 7239),7239,Halawa Valley Road from Ulune Street to Iwaiwa Street,Route 7239
Hawaii,Oahu,https://hidot.hawaii.gov/highways/home/oahu/oahu-state-roads-and-highways/,Halona Street (Route 98),98,Halona Street,Route 98
Hawaii,Oahu,https://hidot.hawaii.gov/highways/home/oahu/oahu-state-roads-and-highways/,Iroquois Road from Fort Weaver Road to Boundary of Naval Reservation Boundary (Route 7141),7141,Iroquois Road from Fort Weaver Road to Boundary of Naval Reservation Boundary,Route 7141
Hawaii,Oahu,https://hidot.hawaii.gov/highways/home/oahu/oahu-state-roads-and-highways/,Jarrett White Road from Puuloa Road to Tripler Hospital Boundary (Route 7345),7345,Jarrett White Road from Puuloa Road to Tripler Hospital Boundary,Route 7345
Hawaii,Oahu,https://hidot.hawaii.gov/highways/home/oahu/oahu-state-roads-and-highways/,Joseph P. Leong Highway (Route 83),83,Joseph P. Leong Highway,Route 83
Hawaii,Oahu,https://hidot.hawaii.gov/highways/home/oahu/oahu-state-roads-and-highways/,Kahekili Highway from Kamehameha Highway to Likelike Highway (Route 83),83,Kahekili Highway from Kamehameha Highway to Likelike Highway,Route 83
Hawaii,Oahu,https://hidot.hawaii.gov/highways/home/oahu/oahu-state-roads-and-highways/,"Kahinani Place, a portion of (off Mokapu Saddle Road)",,"Kahinani Place, a portion of",off Mokapu Saddle Road
Hawaii,Oahu,https://hidot.hawaii.gov/highways/home/oahu/oahu-state-roads-and-highways/,Kahuapaani Street from Salt Lake Boulevard to Halawa Heights Road (Route 7241),7241,Kahuapaani Street from Salt Lake Boulevard to Halawa Heights Road,Route 7241
Hawaii,Oahu,https://hidot.hawaii.gov/highways/home/oahu/oahu-state-roads-and-highways/,Kailua Road from Waimanalo Junction to Kailua side of Kawainui Bridge (Route 61),61,Kailua Road from Waimanalo Junction to Kailua side of Kawainui Bridge,Route 61
Hawaii,Oahu,https://hidot.hawaii.gov/highways/home/oahu/oahu-state-roads-and-highways/,Kalanianaole Highway from Castle Junction to Waimanalo Junction (Route 61),61,Kalanianaole Highway from Castle Junction to Waimanalo Junction,Route 61
Hawaii,Oahu,https://hidot.hawaii.gov/highways/home/oahu/oahu-state-roads-and-highways/,Kalanianaole Highway from Waimanalo Junction to Ainakoa Avenue (Route 72),72,Kalanianaole Highway from Waimanalo Junction to Ainakoa Avenue,Route 72
Hawaii,Oahu,https://hidot.hawaii.gov/highways/home/oahu/oahu-state-roads-and-highways/,Kalihi Street from Nimitz Highway to School Street (Route 63),63,Kalihi Street from Nimitz Highway to School Street,Route 63
Hawaii,Oahu,https://hidot.hawaii.gov/highways/home/oahu/oahu-state-roads-and-highways/,Kamehameha Highway from Wilikina Drive to Kamananui Road (Route 80),80,Kamehameha Highway from Wilikina Drive to Kamananui Road,Route 80
Hawaii,Oahu,https://hidot.hawaii.gov/highways/home/oahu/oahu-state-roads-and-highways/,Kamananui Road from Kamehameha Highway to Wilikina Drive (Route 99),99,Kamananui Road from Kamehameha Highway to Wilikina Drive,Route 99
Hawaii,Oahu,https://hidot.hawaii.gov/highways/home/oahu/oahu-state-roads-and-highways/,Kamehameha Highway from Joseph P. Leong Highway to Kahekili Highway (Route 83),83,Kamehameha Highway from Joseph P. Leong Highway to Kahekili Highway,Route 83
Hawaii,Oahu,https://hidot.hawaii.gov/highways/home/oahu/oahu-state-roads-and-highways/,"Kamehameha Highway, Pali Highway to Likelike Highway (Route 83)",83,"Kamehameha Highway, Pali Highway to Likelike Highway",Route 83
Hawaii,Oahu,https://hidot.hawaii.gov/highways/home/oahu/oahu-state-roads-and-highways/,Kamehameha Highway from Kalihi Bridge to Valkenburgh Street (Route 92),92,Kamehameha Highway from Kalihi Bridge to Valkenburgh Street,Route 92
Hawaii,Oahu,https://hidot.hawaii.gov/highways/home/oahu/oahu-state-roads-and-highways/,Kamehameha Highway from the vicinity of Valkenburgh Street to the Haleiwa end of the Waialua twin bridges and Kamananui Road to Joseph P. Leong Highway (Route 99),99,Kamehameha Highway from the vicinity of Valkenburgh Street to the Haleiwa end of the Waialua twin bridges and Kamananui Road to Joseph P. Leong Highway,Route 99
Hawaii,Oahu,https://hidot.hawaii.gov/highways/home/oahu/oahu-state-roads-and-highways/,Kamehameha Highway from Middle Street to 100 feet east of Kalihi Stream Bridge (Route 7401),7401,Kamehameha Highway from Middle Street to 100 feet east of Kalihi Stream Bridge,Route 7401
Hawaii,Oahu,https://hidot.hawaii.gov/highways/home/oahu/oahu-state-roads-and-highways/,Kamehameha Highway from Kaukonahua Road to the Haleiwa end of the Waialua twin bridges (Route 8300),8300,Kamehameha Highway from Kaukonahua Road to the Haleiwa end of the Waialua twin bridges,Route 8300
Hawaii,Oahu,https://hidot.hawaii.gov/highways/home/oahu/oahu-state-roads-and-highways/,Kaneohe Bay Drive from Kamehameha Highway to Nanamoana Street (Route 65),65,Kaneohe Bay Drive from Kamehameha Highway to Nanamoana Street,Route 65
Hawaii,Oahu,https://hidot.hawaii.gov/highways/home/oahu/oahu-state-roads-and-highways/,"Kaneohe Bay Drive, 110 Feet Kailua of Malae Place to 110 Feet Kailua side of H-3 (Route 65)",65,"Kaneohe Bay Drive, 110 Feet Kailua of Malae Place to 110 Feet Kailua side of H-3",Route 65
Hawaii,Oahu,https://hidot.hawaii.gov/highways/home/oahu/oahu-state-roads-and-highways/,"Kapahulu Avenue, Harding Avenue to Kapiolani Boulevard",,"Kapahulu Avenue, Harding Avenue to Kapiolani Boulevard",
Hawaii,Oahu,https://hidot.hawaii.gov/highways/home/oahu/oahu-state-roads-and-highways/,"Kaua Street, Middle Street to Kikowaena Street",,"Kaua Street, Middle Street to Kikowaena Street",
Hawaii,Oahu,https://hidot.hawaii.gov/highways/home/oahu/oahu-state-roads-and-highways/,"Kaukonahua Road, Farrington Highway at Thompson Corner to Kamehameha Highway at Weed Junction No. 2 (Route 930)",930,"Kaukonahua Road, Farrington Highway at Thompson Corner to Kamehameha Highway at Weed Junction No. 2",Route 930
Hawaii,Oahu,https://hidot.hawaii.gov/highways/home/oahu/oahu-state-roads-and-highways/,"Keeaumoku Street, Kinau Street to Kaihee Street",,"Keeaumoku Street, Kinau Street to Kaihee Street",
Hawaii,Oahu,https://hidot.hawaii.gov/highways/home/oahu/oahu-state-roads-and-highways/,"Kokohead Avenue, Harding Avenue to Pahoa Avenue",,"Kokohead Avenue, Harding Avenue to Pahoa Avenue",
Hawaii,Oahu,https://hidot.hawaii.gov/highways/home/oahu/oahu-state-roads-and-highways/,Kualakai Parkway (Route 8930),8930,Kualakai Parkway,Route 8930
Hawaii,Oahu,https://hidot.hawaii.gov/highways/home/oahu/oahu-state-roads-and-highways/,Kukahi Street between Nimitz Highway Outbound and Inbound Lanes in Iwilei,,Kukahi Street between Nimitz Highway Outbound and Inbound Lanes in Iwilei,
Hawaii,Oahu,https://hidot.hawaii.gov/highways/home/oahu/oahu-state-roads-and-highways/,Kunia Road from Farrington Highway to H-1 Freeway (Route 76),76,Kunia Road from Farrington Highway to H-1 Freeway,Route 76
Hawaii,Oahu,https://hidot.hawaii.gov/highways/home/oahu/oahu-state-roads-and-highways/,Kunia Road from H-1 Freeway to Wilikina Drive (Route 750),750,Kunia Road from H-1 Freeway to Wilikina Drive,Route 750
Hawaii,Oahu,https://hidot.hawaii.gov/highways/home/oahu/oahu-state-roads-and-highways/,Lagoon Drive from Nimitz Highway to Koapaka Street,,Lagoon Drive from Nimitz Highway to Koapaka Street,
Hawaii,Oahu,https://hidot.hawaii.gov/highways/home/oahu/oahu-state-roads-and-highways/,Leilehua Golf Course Road from Kamehameha Highway to Wikao Street,,Leilehua Golf Course Road from Kamehameha Highway to Wikao Street,
Hawaii,Oahu,https://hidot.hawaii.gov/highways/home/oahu/oahu-state-roads-and-highways/,Likelike Highway from School Street to Kahekili Highway (Route 63),63,Likelike Highway from School Street to Kahekili Highway,Route 63
Hawaii,Oahu,https://hidot.hawaii.gov/highways/home/oahu/oahu-state-roads-and-highways/,Likelike Highway from Kahekili Highway to Kamehameha Highway (Route 83),83,Likelike Highway from Kahekili Highway to Kamehameha Highway,Route 83
Hawaii,Oahu,https://hidot.hawaii.gov/highways/home/oahu/oahu-state-roads-and-highways/,Liliha Street from North King Street to School Street (Route 7413),7413,Liliha Street from North King Street to School Street,Route 7413
Hawaii,Oahu,https://hidot.hawaii.gov/highways/home/oahu/oahu-state-roads-and-highways/,Lunalilo Street from Ernest Street to Keeaumoku Street,,Lunalilo Street from Ernest Street to Keeaumoku Street,
Hawaii,Oahu,https://hidot.hawaii.gov/highways/home/oahu/oahu-state-roads-and-highways/,McCully Street from Beretania Street to Dole Street,,McCully Street from Beretania Street to Dole Street,
Hawaii,Oahu,https://hidot.hawaii.gov/highways/home/oahu/oahu-state-roads-and-highways/,Metcalf Street from Dole Street to Alexander Street,,Metcalf Street from Dole Street to Alexander Street,
Hawaii,Oahu,https://hidot.hawaii.gov/highways/home/oahu/oahu-state-roads-and-highways/,Middle Street from Kamehameha Highway to Mauka of H-1 Freeway (Route 7415),7415,Middle Street from Kamehameha Highway to Mauka of H-1 Freeway,Route 7415
Hawaii,Oahu,https://hidot.hawaii.gov/highways/home/oahu/oahu-state-roads-and-highways/,Moanalua Freeway from Middle Street to Kamehameha Highway at Aiea Interchange,,Moanalua Freeway from Middle Street to Kamehameha Highway at Aiea Interchange,
Hawaii,Oahu,https://hidot.hawaii.gov/highways/home/oahu/oahu-state-roads-and-highways/,Moanalua Road (at Waiau Interchange) from 220 Feet Ewa of Kaulike Drive to 175 Feet Kokohead of Hoomalu Street,,Moanalua Road (at Waiau Interchange) from 220 Feet Ewa of Kaulike Drive to 175 Feet Kokohead of Hoomalu Street,
Hawaii,Oahu,https://hidot.hawaii.gov/highways/home/oahu/oahu-state-roads-and-highways/,Mokapu Boulevard from Mokapu Saddle Road to the intersection of Kalaheo Avenue and Kaneohe Bay Drive (Route 65),65,Mokapu Boulevard from Mokapu Saddle Road to the intersection of Kalaheo Avenue and Kaneohe Bay Drive,Route 65
Hawaii,Oahu,https://hidot.hawaii.gov/highways/home/oahu/oahu-state-roads-and-highways/,Mokapu Saddle Road from Kaneohe Bay Drive to Mokapu Boulevard (Route 65),65,Mokapu Saddle Road from Kaneohe Bay Drive to Mokapu Boulevard,Route 65
Hawaii,Oahu,https://hidot.hawaii.gov/highways/home/oahu/oahu-state-roads-and-highways/,"Nimitz Highway, Main Gates at Pearl Harbor and Hickam Air Force Base to Richards Street (Route 92)",92,"Nimitz Highway, Main Gates at Pearl Harbor and Hickam Air Force Base to Richards Street",Route 92
Hawaii,Oahu,https://hidot.hawaii.gov/highways/home/oahu/oahu-state-roads-and-highways/,"North King Street, Middle Street to Ola Lane Overpass",,"North King Street, Middle Street to Ola Lane Overpass",
Hawaii,Oahu,https://hidot.hawaii.gov/highways/home/oahu/oahu-state-roads-and-highways/,Old Waialae Road (Route 7601),7601,Old Waialae Road,Route 7601
Hawaii,Oahu,https://hidot.hawaii.gov/highways/home/oahu/oahu-state-roads-and-highways/,Olomea Street (Route 98),98,Olomea Street,Route 98
Hawaii,Oahu,https://hidot.hawaii.gov/highways/home/oahu/oahu-state-roads-and-highways/,Pacific Street from between Nimitz Highway Outbound and Inbound Lanes in Iwilei,,Pacific Street from between Nimitz Highway Outbound and Inbound Lanes in Iwilei,
Hawaii,Oahu,https://hidot.hawaii.gov/highways/home/oahu/oahu-state-roads-and-highways/,Pali Highway from Vineyard Boulevard to Castle Junction (Route 61),61,Pali Highway from Vineyard Boulevard to Castle Junction,Route 61
Hawaii,Oahu,https://hidot.hawaii.gov/highways/home/oahu/oahu-state-roads-and-highways/,Papaku Place,,Papaku Place,
Hawaii,Oahu,https://hidot.hawaii.gov/highways/home/oahu/oahu-state-roads-and-highways/,Puuloa Road from Kamehameha Highway (under the Nimitz Viaduct) to Moanalua Freeway (Route 7310),7310,Puuloa Road from Kamehameha Highway (under the Nimitz Viaduct) to Moanalua Freeway,Route 7310
Hawaii,Oahu,https://hidot.hawaii.gov/highways/home/oahu/oahu-state-roads-and-highways/,Radford Drive from Kamehameha Highway to Bougainville Drive (Route 7351),7351,Radford Drive from Kamehameha Highway to Bougainville Drive,Route 7351
Hawaii,Oahu,https://hidot.hawaii.gov/highways/home/oahu/oahu-state-roads-and-highways/,Salt Lake Boulevard from Kahuapaani Street (Halawa Heights Road) to Luapele Drive (Makalapa Access Road),,Salt Lake Boulevard from Kahuapaani Street (Halawa Heights Road) to Luapele Drive,Makalapa Access Road
Hawaii,Oahu,https://hidot.hawaii.gov/highways/home/oahu/oahu-state-roads-and-highways/,Sand Island Access Road from the Ewa end of the Bascule Bridge to Nimitz Highway (Route 64),64,Sand Island Access Road from the Ewa end of the Bascule Bridge to Nimitz Highway,Route 64
Hawaii,Oahu,https://hidot.hawaii.gov/highways/home/oahu/oahu-state-roads-and-highways/,Sand Island Parkway from the Ewa end of the Bascule Bridge to the entrance of Sand Island Park (Route 64),64,Sand Island Parkway from the Ewa end of the Bascule Bridge to the entrance of Sand Island Park,Route 64
Hawaii,Oahu,https://hidot.hawaii.gov/highways/home/oahu/oahu-state-roads-and-highways/,South King Street/Harding Avenue from Waialae Avenue (near Humane Society) to Second Avenue,,South King Street/Harding Avenue from Waialae Avenue (near Humane Society) to Second Avenue,
Hawaii,Oahu,https://hidot.hawaii.gov/highways/home/oahu/oahu-state-roads-and-highways/,Sumner Street between Nimitz Highway Outbound and Inbound Lanes in Iwilei,,Sumner Street between Nimitz Highway Outbound and Inbound Lanes in Iwilei,
Hawaii,Oahu,https://hidot.hawaii.gov/highways/home/oahu/oahu-state-roads-and-highways/,Ulune Street from Kahuapaani Street to Halawa Valley Road (Route 7239),7239,Ulune Street from Kahuapaani Street to Halawa Valley Road,Route 7239
Hawaii,Oahu,https://hidot.hawaii.gov/highways/home/oahu/oahu-state-roads-and-highways/,Vineyard Boulevard (Route 98),98,Vineyard Boulevard,Route 98
Hawaii,Oahu,https://hidot.hawaii.gov/highways/home/oahu/oahu-state-roads-and-highways/,Waiaka Road from Waiaka Place to Kapiolani Boulevard,,Waiaka Road from Waiaka Place to Kapiolani Boulevard,
Hawaii,Oahu,https://hidot.hawaii.gov/highways/home/oahu/oahu-state-roads-and-highways/,Waialae Avenue from 17th Avenue to Kilauea Avenue,,Waialae Avenue from 17th Avenue to Kilauea Avenue,
Hawaii,Oahu,https://hidot.hawaii.gov/highways/home/oahu/oahu-state-roads-and-highways/,Waiawa Road from Farrington Highway to Ala Ike Street,,Waiawa Road from Farrington Highway to Ala Ike Street,
Hawaii,Oahu,https://hidot.hawaii.gov/highways/home/oahu/oahu-state-roads-and-highways/,Waipahu Street Realignment from Kamehameha Highway to Makai End of H-1 Overpass,,Waipahu Street Realignment from Kamehameha Highway to Makai End of H-1 Overpass,
Hawaii,Oahu,https://hidot.hawaii.gov/highways/home/oahu/oahu-state-roads-and-highways/,Wakea Street,,Wakea Street,
Hawaii,Oahu,https://hidot.hawaii.gov/highways/home/oahu/oahu-state-roads-and-highways/,Waokanaka Street,,Waokanaka Street,
Hawaii,Oahu,https://hidot.hawaii.gov/highways/home/oahu/oahu-state-roads-and-highways/,Ward Avenue from Kinau Street to Lunalilo Street,,Ward Avenue from Kinau Street to Lunalilo Street,
Hawaii,Oahu,https://hidot.hawaii.gov/highways/home/oahu/oahu-state-roads-and-highways/,Whitmore Avenue from Kamehameha Highway to Naval Communication Station Boundary (Route 7012),7012,Whitmore Avenue from Kamehameha Highway to Naval Communication Station Boundary,Route 7012
Hawaii,Oahu,https://hidot.hawaii.gov/highways/home/oahu/oahu-state-roads-and-highways/,Wilikina Drive from Kamananui Road to Kamehameha Highway (Route 99),99,Wilikina Drive from Kamananui Road to Kamehameha Highway,Route 99
Hawaii,Kauai,https://hidot.hawaii.gov/highways/home/kauai/kauai-state-roads-and-highways/,Ahukini Road from Kuhio Highway to Kapule Highway (Route 570),570,Ahukini Road from Kuhio Highway to Kapule Highway,Route 570
Hawaii,Kauai,https://hidot.hawaii.gov/highways/home/kauai/kauai-state-roads-and-highways/,Halewili Road from Kaumualii Highway in Kaleheo to Kaumualii Highway in Eleele (Route 540),540,Halewili Road from Kaumualii Highway in Kaleheo to Kaumualii Highway in Eleele,Route 540
Hawaii,Kauai,https://hidot.hawaii.gov/highways/home/kauai/kauai-state-roads-and-highways/,Kapule Highway from the Rice Street/Nawiliwili Road intersection to Kuhio Highway (Route 51),51,Kapule Highway from the Rice Street/Nawiliwili Road intersection to Kuhio Highway,Route 51
Hawaii,Kauai,https://hidot.hawaii.gov/highways/home/kauai/kauai-state-roads-and-highways/,Kaumualii Highway from the Kuhio Highway/Rice Street intersection to Lio Road (Route 50),50,Kaumualii Highway from the Kuhio Highway/Rice Street intersection to Lio Road,Route 50
Hawaii,Kauai,https://hidot.hawaii.gov/highways/home/kauai/kauai-state-roads-and-highways/,Kokee Road from Waimea Canyon Drive to the entrance to Kokee State Park (Route 550),550,Kokee Road from Waimea Canyon Drive to the entrance to Kokee State Park,Route 550
Hawaii,Kauai,https://hidot.hawaii.gov/highways/home/kauai/kauai-state-roads-and-highways/,Kuamoo Road from Kuhio Highway to the end of Route 580 at Mile Marker 6.68 at the beginning of the FORD crossing (Route 580),580,Kuamoo Road from Kuhio Highway to the end of Route 580 at Mile Marker 6.68 at the beginning of the FORD crossing,Route 580
Hawaii,Kauai,https://hidot.hawaii.gov/highways/home/kauai/kauai-state-roads-and-highways/,Kuhio Hwy from the Kaumualii Highway/Rice Street intersection to the beginning of Route 560 in Princeville at Mile Marker 28.11 (Route 56),56,Kuhio Hwy from the Kaumualii Highway/Rice Street intersection to the beginning of Route 560 in Princeville at Mile Marker 28.11,Route 56
Hawaii,Kauai,https://hidot.hawaii.gov/highways/home/kauai/kauai-state-roads-and-highways/,"Kuhio Highway from the end of Route 56 in Princeville to the end of Route 560 at Mile Marker 10.01, Kee Beach in Haena (Route 560)",560,"Kuhio Highway from the end of Route 56 in Princeville to the end of Route 560 at Mile Marker 10.01, Kee Beach in Haena",Route 560
Hawaii,Kauai,https://hidot.hawaii.gov/highways/home/kauai/kauai-state-roads-and-highways/,Maalo Road from Kuhio Highway to the end of Route 583 at Mile Marker 3.91 (Route 583),583,Maalo Road from Kuhio Highway to the end of Route 583 at Mile Marker 3.91,Route 583
Hawaii,Kauai,https://hidot.hawaii.gov/highways/home/kauai/kauai-state-roads-and-highways/,Nawiliwili Rd from Kaumualii Highway to the Kapule Highway/Rice Street intersection (Route 58),58,Nawiliwili Rd from Kaumualii Highway to the Kapule Highway/Rice Street intersection,Route 58
Hawaii,Kauai,https://hidot.hawaii.gov/highways/home/kauai/kauai-state-roads-and-highways/,Temporary Kapaa Bypass Road (Route 5600),5600,Temporary Kapaa Bypass Road,Route 5600
Hawaii,Kauai,https://hidot.hawaii.gov/highways/home/kauai/kauai-state-roads-and-highways/,Waialo Road from Kaumualii Highway to the end of the State Highway at Port Allen at Mile Marker 0.37 (Route 541),541,Waialo Road from Kaumualii Highway to the end of the State Highway at Port Allen at Mile Marker 0.37,Route 541
Hawaii,Kauai,https://hidot.hawaii.gov/highways/home/kauai/kauai-state-roads-and-highways/,Waimea Canyon Drive from Kaumualii Highway to Kokee Road (Route 550),550,Waimea Canyon Drive from Kaumualii Highway to Kokee Road,Route 550
Hawaii,Maui,https://hidot.hawaii.gov/highways/home/maui/maui-state-roads-and-highways/,Dairy Road from Kahului Airport Access Road to the Haleakala Highway/Keolani Place intersection (Route 380),380,Dairy Road from Kahului Airport Access Road to the Haleakala Highway/Keolani Place intersection,Route 380
Hawaii,Maui,https://hidot.hawaii.gov/highways/home/maui/maui-state-roads-and-highways/,Haleakala Highway from Hana Highway to the Dairy Road/Keolani Place intersection (Route 36A),36A,Haleakala Highway from Hana Highway to the Dairy Road/Keolani Place intersection,Route 36A
Hawaii,Maui,https://hidot.hawaii.gov/highways/home/maui/maui-state-roads-and-highways/,Haleakala Highway from Hana Highway to Kula Highway (Route 37),37,Haleakala Highway from Hana Highway to Kula Highway,Route 37
Hawaii,Maui,https://hidot.hawaii.gov/highways/home/maui/maui-state-roads-and-highways/,Haleakala Highway from Kula Highway to the Haleakala Crater Road/Kekaulike Avenue intersection (Route 377),377,Haleakala Highway from Kula Highway to the Haleakala Crater Road/Kekaulike Avenue intersection,Route 377
Hawaii,Maui,https://hidot.hawaii.gov/highways/home/maui/maui-state-roads-and-highways/,Haleakala Crater Road from the Haleakala Highway/Kekaulike Avenue intersection to the National Park Boundary (Route 378),378,Haleakala Crater Road from the Haleakala Highway/Kekaulike Avenue intersection to the National Park Boundary,Route 378
Hawaii,Maui,https://hidot.hawaii.gov/highways/home/maui/maui-state-roads-and-highways/,Hana Highway from Kaahumanu Avenue to Kaupakalua Road (Route 36),36,Hana Highway from Kaahumanu Avenue to Kaupakalua Road,Route 36
Hawaii,Maui,https://hidot.hawaii.gov/highways/home/maui/maui-state-roads-and-highways/,Hana Highway from Kaupakalua Road to Keawa Place at the centerline of drainage ditch before Hana Bay (Route 360),360,Hana Highway from Kaupakalua Road to Keawa Place at the centerline of drainage ditch before Hana Bay,Route 360
Hawaii,Maui,https://hidot.hawaii.gov/highways/home/maui/maui-state-roads-and-highways/,High Street from Main Street to Honoapiilani Highway (Route 30),30,High Street from Main Street to Honoapiilani Highway,Route 30
Hawaii,Maui,https://hidot.hawaii.gov/highways/home/maui/maui-state-roads-and-highways/,"Hobron Avenue from Hana Highway to the gate at Pier 1, Kahului Harbor (Route 32A)",32A,"Hobron Avenue from Hana Highway to the gate at Pier 1, Kahului Harbor",Route 32A
Hawaii,Maui,https://hidot.hawaii.gov/highways/home/maui/maui-state-roads-and-highways/,Honopiilani Highway from High Street to Honokohau Bridge (Route 30),30,Honopiilani Highway from High Street to Honokohau Bridge,Route 30
Hawaii,Maui,https://hidot.hawaii.gov/highways/home/maui/maui-state-roads-and-highways/,Kaahumanu Avenue from Hobron Avenue to Kinipopo Place (Route 32),32,Kaahumanu Avenue from Hobron Avenue to Kinipopo Place,Route 32
Hawaii,Maui,https://hidot.hawaii.gov/highways/home/maui/maui-state-roads-and-highways/,Kahekili Highway from Honokohau Bridge to 0.35 mile past the Papanahoa Stream Bridge (Route 340),340,Kahekili Highway from Honokohau Bridge to 0.35 mile past the Papanahoa Stream Bridge,Route 340
Hawaii,Maui,https://hidot.hawaii.gov/highways/home/maui/maui-state-roads-and-highways/,Kahekili Highway from Waiehu Beach Road to Camp Maluhia (Route 340),340,Kahekili Highway from Waiehu Beach Road to Camp Maluhia,Route 340
Hawaii,Maui,https://hidot.hawaii.gov/highways/home/maui/maui-state-roads-and-highways/,Kahului Airport Access Road from Puunene Avenue to Hana Highway (Route 3800),3800,Kahului Airport Access Road from Puunene Avenue to Hana Highway,Route 3800
Hawaii,Maui,https://hidot.hawaii.gov/highways/home/maui/maui-state-roads-and-highways/,Kahului Beach Road from Kaahumanu Avenue to Waiehu Beach Road (Route 3400),3400,Kahului Beach Road from Kaahumanu Avenue to Waiehu Beach Road,Route 3400
Hawaii,Maui,https://hidot.hawaii.gov/highways/home/maui/maui-state-roads-and-highways/,Kekaulike Avenue from the Haleakala Crater Road/Haleakala Highway intersection to Kula Highway (Route 377),377,Kekaulike Avenue from the Haleakala Crater Road/Haleakala Highway intersection to Kula Highway,Route 377
Hawaii,Maui,https://hidot.hawaii.gov/highways/home/maui/maui-state-roads-and-highways/,Keolani Place from Dairy Road to about 400’ west of intersection with Palapala Drive (Kahului Airport boundary) (Route 36A),36A,Keolani Place from Dairy Road to about 400’ west of intersection with Palapala Drive (Kahului Airport boundary),Route 36A
Hawaii,Maui,https://hidot.hawaii.gov/highways/home/maui/maui-state-roads-and-highways/,Kuihelani Highway from Honoapiilani Highway to the Mokulele Highway/Kahului Airport Access Road/Puunene Avenue intersection (Route 380),380,Kuihelani Highway from Honoapiilani Highway to the Mokulele Highway/Kahului Airport Access Road/Puunene Avenue intersection,Route 380
Hawaii,Maui,https://hidot.hawaii.gov/highways/home/maui/maui-state-roads-and-highways/,Kula Highway from Haleakala Highway to Piilani Highway (Route 37),37,Kula Highway from Haleakala Highway to Piilani Highway,Route 37
Hawaii,Maui,https://hidot.hawaii.gov/highways/home/maui/maui-state-roads-and-highways/,Lahaina Bypass from Hokiokio Place to Keawe Street (Route 3000),3000,Lahaina Bypass from Hokiokio Place to Keawe Street,Route 3000
Hawaii,Maui,https://hidot.hawaii.gov/highways/home/maui/maui-state-roads-and-highways/,Main Street from the High Street intersection to Kinipopo Place (Route 32),32,Main Street from the High Street intersection to Kinipopo Place,Route 32
Hawaii,Maui,https://hidot.hawaii.gov/highways/home/maui/maui-state-roads-and-highways/,Mokulele Highway from the Kuihelani Highway/Kahului Airport Access Road intersection to the North Kihei Road/Piilani Highway intersection (Route 311),311,Mokulele Highway from the Kuihelani Highway/Kahului Airport Access Road intersection to the North Kihei Road/Piilani Highway intersection,Route 311
Hawaii,Maui,https://hidot.hawaii.gov/highways/home/maui/maui-state-roads-and-highways/,North Kihei Road from Honopiilani Highway to the Piilani Highway/Mokulele Highway intersection (Route 310),310,North Kihei Road from Honopiilani Highway to the Piilani Highway/Mokulele Highway intersection,Route 310
Hawaii,Maui,https://hidot.hawaii.gov/highways/home/maui/maui-state-roads-and-highways/,Piilani Highway from the Mokulele Highway/North Kihei Road intersection to Wailea Ike Drive (Route 31),31,Piilani Highway from the Mokulele Highway/North Kihei Road intersection to Wailea Ike Drive,Route 31
Hawaii,Maui,https://hidot.hawaii.gov/highways/home/maui/maui-state-roads-and-highways/,Puunene Avenue from Kaahumanu Avenue to the Kuihelani Highway/Kahului Airport Access Road intersection (Route 3500),3500,Puunene Avenue from Kaahumanu Avenue to the Kuihelani Highway/Kahului Airport Access Road intersection,Route 3500
Hawaii,Maui,https://hidot.hawaii.gov/highways/home/maui/maui-state-roads-and-highways/,Waiehu Beach Road from Kahului Beach Road to Kahekili Highway (Route 3400),3400,Waiehu Beach Road from Kahului Beach Road to Kahekili Highway,Route 3400
Hawaii,Maui,https://hidot.hawaii.gov/highways/home/maui/maui-state-roads-and-highways/,Wharf Street from Kaahumanu Avenue to South boundary of Harbors Division lot (Route 32B),32B,Wharf Street from Kaahumanu Avenue to South boundary of Harbors Division lot,Route 32B
Hawaii,Molokai,https://hidot.hawaii.gov/highways/home/maui/state-roads-and-highways/,Farrington Avenue from Puupeelua Avenue to Kalae Highway (Route 480),480,Farrington Avenue from Puupeelua Avenue to Kalae Highway,Route 480
Hawaii,Molokai,https://hidot.hawaii.gov/highways/home/maui/state-roads-and-highways/,Kalae Highway from Maunaloa Highway to Kalaupapa Lookout (Route 470),470,Kalae Highway from Maunaloa Highway to Kalaupapa Lookout,Route 470
Hawaii,Molokai,https://hidot.hawaii.gov/highways/home/maui/state-roads-and-highways/,Kamehameha V Highway from the Ala Malama/Maunaloa Highway/Kaunakakai Place intersection to the end of pavement in Halawa Valley (Route 450),450,Kamehameha V Highway from the Ala Malama/Maunaloa Highway/Kaunakakai Place intersection to the end of pavement in Halawa Valley,Route 450
Hawaii,Molokai,https://hidot.hawaii.gov/highways/home/maui/state-roads-and-highways/,Kaunakakai Place from Kaunakakai Wharf to the Ala Malama/Maunaloa Highway/Kamehameha V Highway intersection (Route 460),460,Kaunakakai Place from Kaunakakai Wharf to the Ala Malama/Maunaloa Highway/Kamehameha V Highway intersection,Route 460
Hawaii,Molokai,https://hidot.hawaii.gov/highways/home/maui/state-roads-and-highways/,Maunaloa Highway from the Ala Malama/Kamehameha V Highway/Kaunakakai Place intersection to Maunaloa Village (Route 460),460,Maunaloa Highway from the Ala Malama/Kamehameha V Highway/Kaunakakai Place intersection to Maunaloa Village,Route 460
Hawaii,Molokai,https://hidot.hawaii.gov/highways/home/maui/state-roads-and-highways/,Puupeelua Avenue from Maunaloa Highway to Farrington Avenue (Route 480),480,Puupeelua Avenue from Maunaloa Highway to Farrington Avenue,Route 480
Hawaii,Lanai,https://hidot.hawaii.gov/highways/home/maui/lanai-state-roads-and-highways/,Kaumalapau Highway from Kaumalapau Harbor to Manele Road (Route 440),440,Kaumalapau Highway from Kaumalapau Harbor to Manele Road,Route 440
Hawaii,Lanai,https://hidot.hawaii.gov/highways/home/maui/lanai-state-roads-and-highways/,Manele Road from Kaumalapau Highway to the entrance of Hulopoe Beach Park near Manele Bay (Route 440),440,Manele Road from Kaumalapau Highway to the entrance of Hulopoe Beach Park near Manele Bay,Route 440
Hawaii,Big Island,https://hidot.hawaii.gov/highways/home/hawaii/state-roads-and-highways/,"Route 11, Kanoelehua Avenue, Mamalahoa Highway, Hawaii Belt Road, Volcano Road, Kuakini Highway to Queen Kaahumanu Extension in Kailua Kona",11,"Kanoelehua Avenue, Mamalahoa Highway, Hawaii Belt Road, Volcano Road, Kuakini Highway to Queen Kaahumanu Extension in Kailua Kona",
Hawaii,Big Island,https://hidot.hawaii.gov/highways/home/hawaii/state-roads-and-highways/,"Route 19, Kuhio Street, Kalanianaole Street, Kamehameha Avenue, Pauahi Street, Bayfront Highway, Mamalahoa Highway to Lindsey Road, Hawaii Belt Road, Kawaihae Road, Queen Kaahumanu Highway",19,"Kuhio Street, Kalanianaole Street, Kamehameha Avenue, Pauahi Street, Bayfront Highway, Mamalahoa Highway to Lindsey Road, Hawaii Belt Road, Kawaihae Road, Queen Kaahumanu Highway",
Hawaii,Big Island,https://hidot.hawaii.gov/highways/home/hawaii/state-roads-and-highways/,"Route 130, Keaau-Pahoa Road, Pahoa-Kalapana Road, Kaimu-Chain of Craters Road",130,"Keaau-Pahoa Road, Pahoa-Kalapana Road, Kaimu-Chain of Craters Road",
Hawaii,Big Island,https://hidot.hawaii.gov/highways/home/hawaii/state-roads-and-highways/,"Route139, Old Keaau-Pahoa Road",139,Old Keaau-Pahoa Road,
Hawaii,Big Island,https://hidot.hawaii.gov/highways/home/hawaii/state-roads-and-highways/,"Route 190, Mamalahoa Highway, Palani Road",190,"Mamalahoa Highway, Palani Road",
Hawaii,Big Island,https://hidot.hawaii.gov/highways/home/hawaii/state-roads-and-highways/,"Route 197, Kealakehe Parkway",197,Kealakehe Parkway,
Hawaii,Big Island,https://hidot.hawaii.gov/highways/home/hawaii/state-roads-and-highways/,"Route 200, Saddle Road, Daniel K. Inouye Highway, Hilo Urban Boundary to Mamalahoa Highway (Route 19)",200,"Saddle Road, Daniel K. Inouye Highway, Hilo Urban Boundary to Mamalahoa Highway (Route 19)",
Hawaii,Big Island,https://hidot.hawaii.gov/highways/home/hawaii/state-roads-and-highways/,"Route 210, Mauna Kea Observatory Access Road",210,Mauna Kea Observatory Access Road,
Hawaii,Big Island,https://hidot.hawaii.gov/highways/home/hawaii/state-roads-and-highways/,"Route 220, Honomu Road, Mamalahoa Highway, Akaka Falls Road",220,"Honomu Road, Mamalahoa Highway, Akaka Falls Road",
Hawaii,Big Island,https://hidot.hawaii.gov/highways/home/hawaii/state-roads-and-highways/,"Route 250, Kohala Mountain Road, Hawi Road",250,"Kohala Mountain Road, Hawi Road",
Hawaii,Big Island,https://hidot.hawaii.gov/highways/home/hawaii/state-roads-and-highways/,"Route 270, Kawaihae Road, Akoni Pule Highway",270,"Kawaihae Road, Akoni Pule Highway",
Hawaii,Big Island,https://hidot.hawaii.gov/highways/home/hawaii/state-roads-and-highways/,"Route1370, Kalanianaole Street",1370,Kalanianaole Street,
Hawaii,Big Island,https://hidot.hawaii.gov/highways/home/hawaii/state-roads-and-highways/,"Route 2000, Puainako Street",2000,Puainako Street,
