source_url,name,bio,age,tour,badge,cause,end_of_watch,incident_details,matched_input_name,fuzzy_score
https://www.odmp.org/officer/1088-trooper-ernesto-alanis,Trooper Ernesto Alanis,"Trooper Ernesto Alanis was killed after being struck by a drunk driver. He and his partner had stopped another motorist on the opposite side of the road. As they were talking with the driver the suspect crossed over the median and struck Trooper Alanis, who was standing on the opposite shoulder. The 36-year-old suspect was taken into custody and subsequently found guilty of involuntary manslaughter. Trooper Alanis had been commended three times for his excellence at getting drunk drivers off the road. His supervisor said a trooper receiving three commendations during the 4 1/2 years he was on the patrol was very unusual. He was survived by his wife and two children. One later became a law enforcement officer.",26,"4 years, 6 months",Not available,Vehicular assault,"Sunday, February 27, 1983",Cause: Vehicular assault Weapon: Automobile; Alcohol involved Offender: Guilty of involuntary manslaughter,Ernesto Alanis,100.0
https://www.odmp.org/officer/1124-trooper-milton-curtis-alexander,Trooper Milton Curtis Alexander,"Trooper Alexander was killed when a suspect intentionally rammed a stolen vehicle into his patrol car.  He was assisting other officers in stopping a stolen Blazer.  As the trooper attempted to get in front of the suspect, the suspect swerved into Trooper Alexander's car causing it to go into a ditch and then airborne.  When the car landed the suspect rammed it again causing the blazer to overturn onto Trooper Alexander’s car.  The suspect was charged with capital murder, but committed suicide before his trial. Trooper Alexander had been with the agency for 16 years and was survived by his wife and daughter.",49,16 years,Not available,Vehicular assault,"Thursday, April 14, 1983",Cause: Vehicular assault Weapon: Automobile Offender: Committed suicide,Milton Alexander,100.0
https://www.odmp.org/officer/11602-trooper-david-irvine-rucker,Trooper David Irvine Rucker,"Trooper David Rucker was shot and killed while making a traffic stop on Highway 100 six miles east of Los Fresnos. Shortly after he was murdered, Patrolman Enrique Carrisalez of the Los Fresnos Police Department stopped the same man, not knowing he had just shot and killed Trooper Rucker. Officer Carrisalez was shot and mortally wounded as he exited his patrol car. A doctor found Trooper Rucker's body laid out in the traffic lane holding the identification of the man wanted in connection with both murders. Trooper Rucker had never radioed in the stop. The suspect was eventually arrested and was executed in 1993. During a search of the suspect's home officers recovered the stolen duty weapon of Hidalgo County Constable Ricky Lewis, murdered in 1979. The suspect was never charged with Constable Lewis' murder, which officially remains unsolved. Trooper Rucker had served with the Texas Highway Patrol for 14 years. He was survived by his wife and three children.",37,14 years,Not available,Gunfire,"Tuesday, September 29, 1981",Cause: Gunfire Weapon: Handgun Offender: Executed in 1993,David Irvine Rucker,100.0
https://www.odmp.org/officer/122-trooper-mark-jeffrey-phebus,Trooper Mark Jeffrey Phebus,"Trooper Mark Phebus was shot and killed on FM 1774 near Magnolia, Montgomery County, when he stopped a husband and wife who were bumping each other's cars in a domestic dispute. Trooper Phebus was off duty and returning home after a weekend out of town when he encountered what he believed to be a vehicle crash after seeing the vehicles collide. He identified himself and asked the female to find a phone to call 911. The male subject shot Trooper Phebus after she left the scene. A capital murder warrant was issued for the male subject but he committed suicide before being arrested. Trooper Phebus had served with the Texas Highway Patrol for seven months. He was survived by parents.",23,7 months,Not available,Gunfire,"Monday, September 17, 1990",Cause: Gunfire Weapon: Handgun; .44 caliber Offender: Committed suicide,Mark Jeffrey Phebus,100.0
https://www.odmp.org/officer/13125-reserve-officer-james-charles-taylor,Reserve Officer James Charles Taylor,Reserve Officer James Taylor and Lieutenant Robert Cormier were killed in a helicopter accident near the intersection of South Hall Street and Canton Street. The officers were looking for landing spots for the upcoming Republican Convention when the helicopter struck a communications tower 450 feet in the air. Both officers were killed instantly. Reserve Officer Taylor was a member of the Texas National Guard and had served with the Dallas Police Department for 14 and a half years and was survived by his wife and two sons.,45,"14 years, 7 months",R7868,Aircraft accident,"Tuesday, July 24, 1984",Cause: Aircraft accident,James E Taylor,92.3076923076923
https://www.odmp.org/officer/14765-sergeant-tom-anderson-sitton,Sergeant Tom Anderson Sitton,"Sergeant Sitton was shot and killed and another deputy was shot and wounded while serving a warrant on terrorist activities. The suspect was arrested at the scene and charged with capital murder and assault on a peace officer. He was convicted and sentenced to life in prison. Sergeant Sitton had served with the agency for 7 years. He is survived by his wife and two daughters. In May 2019, Highway 21 West was renamed Sergeant Tom Sitton Memorial Highway and the signs were posted the following November.",33,7 years,513,Gunfire,"Friday, May 24, 1996",Cause: Gunfire Weapon: Handgun Offender: Sentenced to life in prison,Tom Sitton,100.0
https://www.odmp.org/officer/14895-corporal-roel-garcia,Corporal Roel Garcia,"Corporal Roel Garcia was killed in a vehicle collision on U.S. Route 281 in Encinco at about 6:00 am. He was en route to a drug task force meeting when an oil field truck pulled into his path from a convenience store parking lot. His vehicle struck the rear portion of the truck, causing him to suffer fatal injuries. Corporal Garcia had served with the Texas Highway Patrol for 16 years. He is survived by two children.",37,16 years,3166,Automobile crash,"Wednesday, March 26, 1997",Cause: Automobile crash,ROEL GARCIA,100.0
https://www.odmp.org/officer/15304-trooper-terry-wayne-miller,Trooper Terry Wayne Miller,"Trooper Terry Miller was shot and killed when he was ambushed at a 911 hang-up call. Trooper Miller was backing up Deputy Mark Stephenson and Deputy Thomas Monse of the Atascosa County Sheriff's Department, who had also responded to the call at Corgey Road and Coughram Road near Pleasanton. When Trooper Miller arrived on the scene, he discovered the two deputies had been shot and killed. He radioed for backup but was also shot and killed by the subject, who was lying in ambush in a ditch across the road. Trooper Miller wasn't even able to remove his seat belt before being shot. Other officers who arrived on the scene exchanged fire with the man. Two more officers and the subject were shot and wounded before the man committed suicide with the stolen handgun. An accomplice to the suspect who bailed him out of jail and helped him purchase ammunition in order to ambush the officers was sentenced to death in March 2001. The conviction was overturned on appeal, and he was sentenced to 30 years in prison under a plea agreement Trooper Miller had served with the Texas Department of Public Safety - Texas Highway Patrol for two years and previously served with the Sinton Police Department and San Patricio County Sheriff's Office. He is survived by his wife and two daughters. The portion of Interstate Highway 37 in Atascosa County between mile marker 102 and mile marker 115 is designated as the Trooper Terry Wayne Miller Memorial Highway.",37,12 years,3443,Gunfire,"Tuesday, October 12, 1999",Cause: Gunfire Weapon: Rifle; Semi-automatic Offender: Sentenced to 30 years,Terry Wayne Miller,100.0
https://www.odmp.org/officer/15483-sergeant-david-m-furrh,Sergeant David M. Furrh,"Sergeant David Furrh was shot and killed while participating in a warrant search of a home in a neighboring county. Sergeant Furrh and officers from several agencies were serving the warrant when the incident took place. As the officers approached the residence, the suspect inside stuck a .38 caliber handgun through a crack in the front door and fired approximately five rounds, striking Sergeant Furrh, who was not wearing a vest. The suspect, who had twice served jail time for two separate murders, was taken into custody at the scene. The man was sentenced to three life sentences plus 20 years. Sergeant Furrh had served with the Gonzales County Sheriff's Department for four years and in law enforcement for 17 years. He is survived by his wife, three children, parents, and two sisters. Texas 95, just outside of Shiner, was renamed the Sergeant David M. Furrh Memorial Highway.",40,17 years,605,Gunfire,"Wednesday, December 6, 2000","Cause: Gunfire Incident Date: Tuesday, December 5, 2000 Weapon: Handgun; .38 caliber Offender: Sentenced to life",David M Furrh,92.3076923076923
https://www.odmp.org/officer/15548-game-warden-james-eugene-daughtrey,Game Warden James Eugene Daughtrey,"Game Warden James Daughtrey was killed when his patrol vehicle was struck head-on while he was investigating illegal night hunting in McMullen County. The crash occurred on FM 624 eight miles west of Tilden at about 11:30 pm. The vehicle which struck Warden Daughtrey's vehicle was carrying rifles, spotlights, and other hunting equipment. The driver of that vehicle was also killed in the crash. Warden Daughtrey had served with the Texas Parks and Wildlife Department for 16 years. He is survived by his wife, three children, two brothers, mother, and grandparents.",37,16 years,Not available,Automobile crash,"Friday, December 8, 1978",Cause: Automobile crash,James E Daughtrey,93.75
https://www.odmp.org/officer/15693-senior-trooper-richard-dale-cottle,Senior Trooper Richard Dale Cottle,"Senior Trooper Richard Cottle was killed in an automobile collision when his cruiser slammed into the rear of a tractor-trailer on I-35 just north of Waco during morning fog. The semi had just been involved in a crash with another tractor-trailer and was blocking a travel lane when the collision occurred. Trooper Cottle, who was assigned to the Motor-vehicle Inspection Section, was on his way to Dallas to testify in a court case. Trooper Cottle had served with the Texas Department of Public Safety for almost 30 years. He is survived by his wife and four children. One of his sons also served with the Texas Department of Public Safety.",51,30 years,3087,Automobile crash,"Wednesday, May 9, 2001",Cause: Automobile crash,Richard Dale Cottle,100.0
https://www.odmp.org/officer/15740-game-warden-michael-charles-pauling,Game Warden Michael Charles Pauling,"Game Warden Michael Pauling was killed after being dragged alongside a vehicle that sped away as he was talking to the driver at about 12:30 am. He had stopped to investigate a couple who were involved in a domestic disturbance in a vehicle on the shoulder of Highway 73, between Highway 82 and Savannah Avenue, in Port Arthur. Warden Pauling had the female participant wait in his department pickup truck while he returned to the vehicle to check on the welfare of the woman's children. The male suddenly sped away, dragging Warden Pauling alongside the vehicle. The female participant, driving Warden Pauling's vehicle, then began following the car dragging him. When Warden Pauling fell from the vehicle he was struck by the female participant, who had called 911 on her cell phone reporting the incident. The male subject turned himself in and was charged with capital murder. On September 20th, 2002, the 32-year-old subject was sentenced to 55 years and fined $10,000 for Warden Pauling's murder. He will be eligible for parole on July 10, 2029. Warden Pauling was a U.S. Army veteran and had served with the Texas Parks and Wildlife Department for five years. He is survived by his wife, two sons, and parents.",47,5 years,1256,Vehicular assault,"Thursday, August 2, 2001",Cause: Vehicular assault Weapon: Automobile Offender: Sentenced to 55 years,Michael C Pauling,93.75
https://www.odmp.org/officer/15957-game-warden-joseph-marshall-evans,Game Warden Joseph Marshall Evans,"Game Warden Joe Evans succumbed to injuries sustained the previous day when he was involved in a head-on collision on Texas Highway 254 (modern-day Texas Highway 16) three miles southeast of Graham in Young County. He was returning from dropping off water samples at a testing facility when his vehicle collided with a chemical truck at 12:05 pm. Warden Evans was a Koren War veteran. He was survived by his wife, two daughters, father, and brother.",Not available,Not available,Not available,Automobile crash,"Thursday, May 6, 1965","Cause: Automobile crash Incident Date: Wednesday, May 5, 1965",Joseph Marshall Evans,100.0
https://www.odmp.org/officer/16934-game-warden-wesley-warren-wagstaff,Game Warden Wesley Warren Wagstaff,"Game Warden Wesley Wagstaff was killed in an automobile crash on Farm Road 1293 in Hardin County, 12 miles west of Kountze, while responding to reports of a man hunting deer out of season. Warden Wagstaff's patrol pickup collided with another vehicle head-on at about 8:45 am. The driver of the other vehicle was also killed in the crash. Game Warden Wagstaff had served with the Texas Parks and Wildlife Department for 10 years. He is survived by his wife, son, and parents.",40,10 years,1236,Automobile crash,"Tuesday, August 5, 2003",Cause: Automobile crash,Wesley W Wagstaff,93.75
https://www.odmp.org/officer/17305-trooper-kurt-david-knapp,Trooper Kurt David Knapp,"Trooper Kurt Knapp was killed in a vehicle crash on I-10 near Comfort, Texas. He was driving eastbound on the interstate when his patrol car crossed the median and collided with a vehicle in the westbound lanes. Trooper Knapp had served with the Texas Highway Patrol for five years. He is survived by his wife and two children.",28,5 years,9578,Automobile crash,"Saturday, May 8, 2004",Cause: Automobile crash,Kurt David Knapp,100.0
https://www.odmp.org/officer/18066-deputy-sheriff-jason-alexander-oliff,Deputy Sheriff Jason Alexander Oliff,"Deputy Jason Oliff was struck and killed by a pickup truck while placing flares on FM 2004 in front of an industrial plant at 0520 hours. He was at the intersection to direct early morning traffic at the entrance to the facility during a shift change. He was setting up flares in a safety lane between two travel lanes when he was struck. He was flown to Memorial Hermann Hospital, in Houston, where he succumbed to his injuries. Deputy Oliff had served with the Brazoria County Sheriff's Department for 4 years. He is survived by his wife, parents, and siblings.",27,4 years,1060,Struck by vehicle,"Monday, December 5, 2005",Cause: Struck by vehicle,Jason Oliff,100.0
https://www.odmp.org/officer/18110-trooper-billy-jack-zachary,Trooper Billy Jack Zachary,"Trooper Billy Zachary was struck and killed by the driver of a vehicle while making a traffic stop of two vehicles on I-20, near Monahans, Texas. He was returning to his patrol car after speaking to one of the drivers when a third vehicle veered from the travel lane and struck him. He was struck as he returned to his patrol car after speaking with the driver in the car that pulled over behind him. Trooper Zachary had served with the Texas Department of Public Safety for just over one year. He is survived by his wife, 3-month-old daughter, parents, and sister. In June 2017 a section of I-20 was designated as the Trooper Billy Jack Zachary Memorial Highway.",32,1 year,11570,Struck by vehicle,"Sunday, January 1, 2006",Cause: Struck by vehicle,Billy Jack Zachary,100.0
https://www.odmp.org/officer/18302-trooper-eduardo-chavez,Trooper Eduardo Chavez,"Trooper Eduardo Chavez was killed in an automobile crash on U.S. 83 while responding to backup another trooper who had requested emergency assistance while making a narcotics arrest near the Hidalgo County / Starr County line. As Trooper Chavez was approaching the scene of the incident one of the tires on his patrol car blew out, causing the vehicle to flip over several times. Despite wearing his seat belt, Trooper Chavez suffered fatal head injuries in the accident. He was flown to Mission Regional Medical Center where he died shortly after arrival. The officer who had requested backup was Trooper Chavez's brother. Trooper Chavez had served with the Texas Highway Patrol for three years and had served in law enforcement for seven years. He was survived by his expectant wife, who gave birth to his son the following month.",30,7 years,8521,Automobile crash,"Tuesday, May 2, 2006",Cause: Automobile crash,Eduardo Chavez,100.0
https://www.odmp.org/officer/184-trooper-carlos-ray-warren,Trooper Carlos Ray Warren,"Trooper Carlos Warren was shot and killed when he interrupted an abduction in progress at a rural highway rest area on Highway 71 near Del Valle, Texas. He was shot in the neck. The suspect fled the scene but was later stopped in San Antonio, Texas, for not wearing his seatbelt. He opened fire on the officer who stopped him and was wounded by the officer's return fire. He was convicted of Trooper Warren's murder and sentenced to prison. He was denied parole in 2008 again in 2017, and his parole will not be reviewed again until 2027. Trooper Warren was a United States Army veteran who had served with the Texas Highway Patrol for five years and was assigned to Region 6. He had previously served as a special agent with the U.S. Army Criminal Investigation Command for seven years. He is survived by his parents, two daughters, and three brothers.",30,12 years,Not available,Gunfire,"Tuesday, March 5, 1991",Cause: Gunfire Weapon: Handgun; .380 caliber Offender: Eligible for parole in 2027,Carlos Ray Warren,100.0
https://www.odmp.org/officer/18658-deputy-sheriff-rahamy-mitchell,Deputy Sheriff Rahamy Mitchell,"Deputy Sheriff Rahamy Mitchell was killed in an automobile crash while responding to assist a member of the Leonard Police Department at the scene of a domestic disturbance at approximately 1:15 a.m. Other deputies who had responded to the disturbance went to look for Deputy Mitchell, who failed to arrive. They located his overturned vehicle on rain-slicked State Highway 11 between Bailey and Randolph. Deputy Mitchell was pronounced dead at the scene from his injuries. Deputy Mitchell joined the Fannin County Sheriff's Office as a reserve deputy in 2001. He became a licensed corrections officer in 2002 and was licensed as a peace officer in 2003, where he assumed patrol duties. He is survived by his 16 year-old-son, father, and sister.",38,6 years,120,Automobile crash,"Sunday, January 7, 2007",Cause: Automobile crash,Rahamy Mitchell,100.0
https://www.odmp.org/officer/18758-game-warden-justin-phillip-hurst,Game Warden Justin Phillip Hurst,"Game Warden Justin Hurst was shot and killed by a subject in Wharton County following a high speed pursuit on U.S. Route 90 ALT. The subject had fled after he was approached by another game warden who suspected him of illegally hunting from the roadside. Warden Hurst was called as back up and he and officers from other agencies pursued the man through two counties. The man then exchanged shots with the officers at the intersection of U.S. Highway 90 ALT and County Road 252 in Wharton County. Warden Hurst suffered several gunshot wounds in the shootout. He was flown to a local hospital where he succumbed to his injuries in the early morning hours the following day, his 34th birthday. The subject was shot and wounded by deputies during the exchange. He was taken into custody, convicted of capital murder, and subsequently sentenced to death. He was executed on January 27th, 2016. Warden Hurst graduated from the academy to become a warden in August of 2002. He is survived by his wife, 4-month-old son, parents, and brother.",34,5 years,1353,Gunfire,"Saturday, March 17, 2007","Cause: Gunfire Incident Date: Friday, March 16, 2007 Weapon: Rifle Offender: Executed in 2016",Justin Hurst,100.0
https://www.odmp.org/officer/19352-trooper-james-scott-burns,Trooper James Scott Burns,"Trooper James Burns was shot and killed following a vehicle pursuit in Marion County, Texas, at approximately 8:00 pm. The suspect stopped his vehicle, exited, and opened fire on Trooper Burns with a shotgun before he was even able to unlatch his seatbelt. A citizen used Trooper Burns' radio to inform dispatchers that he had been shot near the intersection of Farm-to-Market Road 1969 and Farm-to-Market Road 729. The suspect fled the scene and committed suicide two days later. Trooper Burns had served with the Texas Department of Public Safety for five years. He is survived by his wife, 6-month-old daughter, parents, and two brothers.",39,5 years,11187,Gunfire,"Tuesday, April 29, 2008",Cause: Gunfire Weapon: Shotgun; 20 gauge Offender: Committed suicide,Scott Burns,100.0
https://www.odmp.org/officer/19996-deputy-sheriff-shane-thomas-detwiler,Deputy Sheriff Shane Thomas Detwiler,"Deputy Sheriff Shane Detwiler was shot and killed as he and a state trooper searched a mobile home after responding to the scene of a shooting. The initial shooting occurred when a female occupant of the mobile home fired at a utility worker who was attempting to shut the home's water off. Deputy Detwiler and two troopers responded to the scene and took the female into custody. Deputy Shane Detwiler and one of the troopers then began to search the home for other occupants. When they reached the back bedroom, the woman's husband opened fire, fatally wounding Deputy Detwiler. The trooper returned fire as he dragged Deputy Detwiler from the home. The male subject, who was a former reserve police officer, was found dead from a gunshot wound approximately nine hours later. Deputy Detwiler had served with the Chambers County Sheriff's Office for only two months. He had previously served as a game warden with the Texas Parks and Wildlife Department and as a special agent with the U.S. Army Military Intelligence while deployed to Iraq where he was awarded the Bronze Star. He is survived by his wife, two sons, one daughter, parents, and sister.",31,6 years,125,Gunfire,"Monday, July 13, 2009",Cause: Gunfire Weapon: Gun; Unknown type Offender: Deceased,Shane Detwiler,100.0
https://www.odmp.org/officer/20388-officer-rodney-tomlinson-holder,Officer Rodney Tomlinson Holder,"Officer Rodney Holder was killed in a motorcycle accident at the intersection of Sayles Boulevard and South 13th Street while attempting to stop a speeder at 11:45 a.m. Officer Holder was in pursuit of a speeder when a car pulled out in front of him causing a collision.  Officer Holder was ejected from his bike and collided with a parked vehicle. He was transported to Hendrick Medical Center where doctors determined he was killed on impact. Officer Holder, a U.S. Army veteran and a member of the 82nd Airborne for four years, had served with the Abilene Police Department for 28 years. He is survived by his wife, daughter, son, two granddaughters, one sister, and additional extended family. In June 2020, Loop 322 was renamed Rodney T. Holder Loop 322.",50,28 years,187,Motorcycle crash,"Thursday, April 29, 2010",Cause: Motorcycle crash,RODNEY T HOLDER,92.85714285714286
https://www.odmp.org/officer/20533-corporal-david-ralph-slaton,Corporal David Ralph Slaton,"Corporal David Slaton was killed when his patrol car struck a cow that had wandered into the roadway on U.S. Highway 81, two miles south of Bowie, in Montague County. After striking the cow, his patrol car veered into the path of an oncoming semi, causing a second collision. Corporal Slaton had served with the Texas Highway Patrol for 36 years. He is survived by his wife, son, parents, and siblings.",56,36 years,3790,Automobile crash,"Monday, September 20, 2010",Cause: Automobile crash,David Slaton,100.0
https://www.odmp.org/officer/20569-trooper-jonathan-thomas-mcdonald,Trooper Jonathan Thomas McDonald,"Trooper Jonathan McDonald was killed in an automobile crash on U.S. Highway 84 while responding to another accident near Post, Texas. He was involved in a single-vehicle crash during the response. Trooper McDonald had served with the Texas Highway Patrol for two years. He is survived by his wife, 7-month-old child, parents, and brother.",28,"2 years, 2 months",5232,Automobile crash,"Monday, November 15, 2010",Cause: Automobile crash,Jonathan Thomas McDonald,100.0
https://www.odmp.org/officer/20828-deputy-sheriff-clifton-leigh-taylor,Deputy Sheriff Clifton Leigh Taylor,"Deputy Clifton Taylor was shot and killed after he and other deputies responded to a domestic disturbance on Eagle Court near Venus shortly shortly after 4 pm. Upon arriving at the scene the deputies began searching for the male subject. Deputy Taylor was shot as his call partner opened the door to a shed located near the property. He was struck again while pushing his partner out of the way. The other deputies returned fire and killed the suspect. Deputy Taylor was transported to a local hospital where he succumbed to his wounds. Deputy Taylor had served with the Johnson County Sheriff's Office for three years. He is survived by his fiancee, parents, and siblings.",31,3 years,156,Gunfire,"Saturday, April 23, 2011",Cause: Gunfire Weapon: Gun; Unknown type Offender: Shot and killed,Clifton Taylor,100.0
https://www.odmp.org/officer/2118-trooper-russell-lynn-boyd,Trooper Russell Lynn Boyd,"Trooper Russell Boyd was shot and killed after stopping a man on Texas 6, near Hempstead, who had gone on a shooting spree earlier in the day. The suspect had shot and killed six other people. The man was apprehended and executed for the crime in 1987. Trooper Boyd had served with the Texas Department of Public Safety - Texas Highway Patrol for one year. He is survived by his wife.",25,1 year,5532,Gunfire,"Tuesday, October 11, 1983",Cause: Gunfire Weapon: Gun; Unknown type Offender: Executed in 1987,Russell Lynn Boyd,100.0
https://www.odmp.org/officer/21211-trooper-javier-arana-jr,"Trooper Javier Arana, Jr.","Trooper Javier Arana was killed in an automobile accident as he responded to assist a vehicle pursuit in El Paso at approximately 1:30 am. During the response, Trooper Arana's vehicle collided with a pickup truck near the intersection of Joe Battle Boulevard and Bob Hope Drive. Trooper Arana's patrol car burst into flames upon impact. Trooper Arana was a U.S. Marine Corps veteran and had served with the Texas Highway Patrol for two years. He is survived by his wife and five children.",32,2 years,13500,Automobile crash,"Saturday, March 24, 2012",Cause: Automobile crash,Javier Arana Jr,93.33333333333333
https://www.odmp.org/officer/21573-patrolman-angel-david-garcia,Patrolman Angel David Garcia,"Patrolman Angel Garcia was struck and killed by an automobile on I-10, near Hawkins Boulevard, while clearing a hazard out of the roadway. He had stopped his vehicle in the travel lane, with his emergency equipment activated, to block traffic as he removed the ladder at approximately 7:15 am. Another vehicle swerved to avoid striking his patrol car but struck another car, causing a chain reaction crash. Patrolman Garcia was struck by one of the vehicles in the crash. He was transported to Del Sol Medical Center where he succumbed to his wounds. Patrolman Garcia was a U.S. Marine Corps veteran and had served with the El Paso Police Department for only nine months.",27,9 months,Not available,Struck by vehicle,"Sunday, December 16, 2012",Cause: Struck by vehicle,Angel David Garcia,100.0
https://www.odmp.org/officer/21779-deputy-sheriff-chad-christian-key,Deputy Sheriff Chad Christian Key,"Deputy Sheriff Chad Key was struck and killed by a drunk driver while directing traffic at the intersection of U.S. Highway 82 and Bethany Road shortly before 10:30 pm. The driver who struck him failed to stop but was arrested a short distance away. The subject was a habitual drunk driver who was out on a bond on a previous drunk driving arrest. The subject, 28, was convicted of felony murder and aggravated assault. He was subsequently sentenced to 141 years in prison but is eligible for parole in 30 years. Deputy Key had served as a patrol deputy for only two months and as a Corrections Officer with the Grayson County Sheriff's Office for 3-1/2 years. He is survived by his wife and three sons. The people of Texas honored him by having a portion of U.S. Highway 82 renamed the ""Chad Key Highway"".",42,4 years,20,Vehicular assault,"Saturday, April 20, 2013",Cause: Vehicular assault Weapon: Automobile; Alcohol involved Offender: Convicted of murder,Chad Key,100.0
https://www.odmp.org/officer/21849-lieutenant-clay-douglas-crabb,Lieutenant Clay Douglas Crabb,"Lieutenant Clay Crabb was killed in an automobile collision on U.S. Highway 290, near Sawyer Ranch Road in Hays County, while en route to check low water areas during a period of flooding. His patrol car hydroplaned, slid into oncoming traffic, and was struck by a large pickup truck during a period of heavy rain. Lieutenant Crabb had served with the Austin Police Department for 15 years and previously served with the San Angelo Police Department for four years. He is survived by his wife and three children. He was killed the day before his 43rd birthday.",42,19 years,3841,Automobile crash,"Wednesday, October 16, 2013",Cause: Automobile crash,Lieutenant Clay Crabb,100.0
https://www.odmp.org/officer/22194-senior-deputy-jessica-laura-hollis,Senior Deputy Jessica Laura Hollis,"Senior Deputy Jessica Hollis drowned after her patrol car washed away as she checked roadways for high water during a period of heavy rain at 1:50 am. She was driving in the area of Fritz Hughes Park Road and Low Water Crossing Road, upstream of Lake Austin, when her patrol car was washed into the river. She was able to radio dispatchers that her vehicle was being swept away. Her patrol car was located approximately 15 minutes later but she was not with it. The patrol car was recovered from the water later in the day. Deputy Hollis' body was recovered from Lake Austin on September 19th, 2014. Senior Deputy Hollis had served with the Travis County Sheriff's Office for seven years and was a member of the agency's Dive Team. She is survived by her husband and 12-year-old son. Deputy Hollis' husband serves with the Austin Police Department.",35,7 years,4413,Drowned,"Friday, September 19, 2014",Cause: Drowned,Jessica Hollis,100.0
https://www.odmp.org/officer/22213-sergeant-michael-joe-naylor,Sergeant Michael Joe Naylor,"Sergeant Mike Naylor was shot and killed as he and other deputies served a warrant on a child sexual predator at a home on the 3800 block of North County Road 1247. The officers attempted to make contact with the man, but he refused to come to the door. Deputies then broke out a window of the home to make visual and verbal contact with the man, but he still refused to come out. As Sergeant Naylor and the man continued to speak, the man suddenly fired a shot, striking the officer in the head. Other deputies pulled Sergeant Naylor away from the home and transported him to a waiting ambulance. He was taken to Midland Memorial Hospital, where he later succumbed to his wound. A second deputy was also transported to the hospital with breathing difficulties following the incident. The subject who shot Sergeant Naylor was taken into custody a short time later. He was subsequently charged with capital murder, and felony aggravated sexual assault of a child. He was sentenced to 2 life sentences without parole in February 2015. Sergeant Naylor was a United States Air Force veteran and had served with the Midland County Sheriff's Office for 15 years, assigned to the Mental Health Unit and the department's Honor Guard commander. He is survived by his wife, mother, nephews, and grandmother. He is buried at Prairie Haven Memorial Park in Hobbs, New Mexico.",46,15 years,413,Gunfire,"Thursday, October 9, 2014",Cause: Gunfire Weapon: Gun; Unknown type Offender: Sentenced to 2 life sentences,Michael Naylor,100.0
https://www.odmp.org/officer/22641-sergeant-william-karl-keesee,Sergeant William Karl Keesee,"Sergeant Karl Keesee was killed in a single-vehicle crash on US 84 approximately two miles west of Goldthwaite, Texas. His patrol car left the roadway and overturned, causing him to suffer fatal injuries. Sergeant Keesee had served with the Texas Highway Patrol for 25 years and was assigned to Brownwood, Region 5. He is survived by his son who is also a DPS officer. In November 2019, Highway 84 was renamed, between FM 1029 and CR 100, to DPS Sgt. William Karl Keesee Memorial Highway.",49,25 years,Not available,Automobile crash,"Thursday, October 29, 2015",Cause: Automobile crash,William Karl Keesee,100.0
https://www.odmp.org/officer/22824-trooper-jeffrey-don-nichols,Trooper Jeffrey Don Nichols,"Trooper Jeffrey Nichols was killed in a single vehicle crash while on patrol in Lamar County, Texas, at approximately 11:00 pm. His patrol car left the roadway and struck a tree on FM 38, approximately one half mile north of County Road 35450, in Tigertown. Trooper Nichols had served with the Texas Highway Patrol for five years. He is survived by his parents, sister, and brother.",27,5 years,1754,Automobile crash,"Saturday, March 26, 2016",Cause: Automobile crash,Jeffrey Nichols,100.0
https://www.odmp.org/officer/22867-police-officer-endy-nddiobong-ekpanya,Police Officer Endy Nddiobong  Ekpanya,Police Officer Endy Ekpanya was killed when his patrol car was struck head-on by a drunk driver at the intersection of East Broadway Street and Country Club Drive while he was responding to a non-emergency call. He was traveling eastbound on Broadway Street when a vehicle traveling westbound crossed over the dividing line and struck Officer Epankya's patrol car head-on.  Officer Ekpanya was transported to Memorial Hermann Hospital where he died from his injuries. The driver of the other vehicle was charged with intoxicated manslaughter and sentenced to 32 years in prison. Officer Ekpanya had served with the Pearland Police Department for one year. He is survived by his 2-year-old son and fiancée.,30,1 year,237,Vehicular assault,"Sunday, June 12, 2016",Cause: Vehicular assault Weapon: Automobile; Alcohol involved Offender: Sentenced to 32 years,Endy Ekpanya,100.0
https://www.odmp.org/officer/22876-sergeant-stacey-allen-baumgartner,Sergeant Stacey Allen Baumgartner,"Sergeant Stacey Baumgartner was killed when his patrol car collided with another vehicle at the intersection of Highway 242 and FM 1485 in Montgomery County while he was involved in a pursuit. He had been dispatched to a gas station at Highway 242 and US 59 for reports of a subject urinating in public and exposing himself. As he arrived on the scene, the man attempted to run him over and then fled at a high rate of speed. As the pursuit passed through the intersection with FM 1485, Sergeant Baumgartner's patrol car was broadsided by an SUV. The impact pushed Sergeant Baumgartner's patrol car into a light pole and caused the SUV to overturn. Sergeant Baumgartner was transported to Memorial Hermann Hospital where he succumbed to his injuries. An 11-year-old child in the SUV was also killed, and several other occupants were injured in the crash. The driver of the vehicle that was fleeing returned to the scene of the crash, where he was arrested and charged with murder and intoxicated manslaughter. The subject was found guilty of evading arrest/detention causing death, and sentenced to 15 years in prison. Sergeant Baumgartner had served with the Patton Village Police Department for over three years. He is survived by his wife, son, and daughter. In 2025, a stretch of Texas 242 from US 59 to FM 1485 was renamed the “Sergeant Stacey Baumgartner Memorial Highway.”",39,"3 years, 8 months",105,Vehicle pursuit,"Sunday, June 19, 2016",Cause: Vehicle pursuit Weapon: Automobile; Alcohol involved Offender: Charged with murder,Stacey Baumgartner,100.0
https://www.odmp.org/officer/22956-deputy-sheriff-kenneth-hubert-maltby,Deputy Sheriff Kenneth Hubert Maltby,"Deputy Sheriff Kenneth Maltby was killed in a vehicle crash on FM 570, near County Road 442, south of Eastland, around 8:00 a.m. A vehicle traveling in the opposite direction swerved into the opposite travel lane to avoid another vehicle, but instead struck Deputy Maltby's patrol car head-on. Deputy Maltby suffered fatal injuries and died at the scene. Deputy Maltby was a United States Navy Vietnam War veteran and had served with the Eastland County Sheriff's Office for two years after having retired from the Dallas Police Department. He had also served with the Stephenville Police Department and the Comanche Sheriff's Office. He was survived by his wife, two daughters, a son, a brother, a sister, nine grandchildren, and nine great-grandchildren.",73,42 years,Not available,Automobile crash,"Wednesday, September 7, 2016",Cause: Automobile crash,Kenneth Maltby,100.0
https://www.odmp.org/officer/23454-trooper-damon-charles-allen,Trooper Damon Charles Allen,"Trooper Damon Allen was shot and killed while making a traffic stop on I-45 in Freestone County, just south of Fairfield, at approximately 4:00 pm on Thanksgiving Day. He had contacted the driver and was returning to his patrol car when the man exited his car and opened fire with a rifle. Trooper Allen was killed at the scene. The suspect was located in Waller County several hours later and taken into custody after exchanging shots with officers. He was out on a bond despite being previously convicted for assaulting a public servant and arrested for evading arrest and aggravated assault on a public servant. He was convicted of capital murder and sentenced to life without parole. Trooper Allen had served with the Texas Highway Patrol for 15 years. He is survived by his wife and four children. In 2021, Governor Greg Abbott signed the Damon Allen Act, which prohibits the release of a personal bond of defendants charged with a violent offense or who are charged while released on bail. In 2022, Palestine dedicated the Damon Allen Way in his memory.",41,15 years,10525,Gunfire,"Thursday, November 23, 2017",Cause: Gunfire Weapon: Rifle Offender: Life without parole,Damon Allen,100.0
https://www.odmp.org/officer/23561-police-officer-david-charles-sherrard,Police Officer David Charles Sherrard,"Police Officer David Sherrard was shot and killed while responding to a disturbance at an apartment complex at 4250 East Renner Road. As officers arrived on scene they located a man suffering from a gunshot wound outside of the apartment. The officers were able to identify an apartment where the suspect was located. As they made entry into the apartment the man opened fire, striking Officer Sherrard in the neck. Officer Sherrard was transported to Medical City Plano where he succumbed to his wound. The subject barricaded himself inside of the apartment for several hours before surrendering. The man who shot Officer Sherrard was charged with capital murder of a police officer. On February 19th, 2020, he was convicted of capital murder. Officer Sherrard had served with the Richardson Police Department for 13 years. He is survived by his wife and two daughters.",37,13 years,1078,Gunfire,"Wednesday, February 7, 2018",Cause: Gunfire Weapon: Rifle Offender: Convicted capital murder,David Sherrard,100.0
https://www.odmp.org/officer/23784-deputy-sheriff-raymond-bradley-brad-jimmerson,"Deputy Sheriff Raymond Bradley ""Brad"" Jimmerson","Deputy Sheriff Brad Jimmerson was struck and killed by a vehicle on US Highway 259, approximately seven miles north of Nacogdoches, at approximately 6:45 a.m. He had responded to the area for reports of debris in the roadway. He was fatally struck while attempting to remove the debris. Deputy Bradley had served with the Nacogdoches County Sheriff's Office for 19 years and had served in law enforcement for more than 20 years. He is survived by his fiancee, mother, father, and brother. In May 2019, US 259 was renamed Deputy Sheriff Raymond Bradley Jimmerson Memorial Highway, and the signs were placed the following November.",49,20 years,523,Struck by vehicle,"Friday, October 5, 2018",Cause: Struck by vehicle,Dep Raymond Bradley Jimmerson,92.5925925925926
https://www.odmp.org/officer/24197-trooper-moises-sanchez,Trooper Moises Sanchez,"Trooper Moises Sanchez succumbed to complications of gunshot wounds sustained on April 6th, 2019, in McAllen, Texas. He had responded to a hit-and-run vehicle crash at the intersection of N 10th Street and W Freddy Gonzalez Drive. He located the suspect approximately one block away, in the 1500 block of South Maltese Street, and attempted to take him into custody. The subject shot him in the shoulder and head during the arrest. Trooper Sanchez was transported to a local hospital with serious injuries. He succumbed to complications of his wounds on August 24th, 2019, following surgery. The suspect was arrested following a manhunt. He was convicted of capital murder and sentenced to death. Trooper Sanchez was a United States Marine Corps veteran and had served with the Texas Highway Patrol for four years. He is survived by his wife and three children. In October 2019, the corner where he was shot was renamed Trooper Moises Sanchez Boulevard.",49,4 years,Not available,Gunfire,"Saturday, August 24, 2019","Cause: Gunfire Incident Date: Saturday, April 6, 2019 Weapon: Gun; Unknown type Offender: Sentenced to death",Moises Sanchez,100.0
https://www.odmp.org/officer/24576-deputy-sheriff-john-andrew-rhoden,Deputy Sheriff John Andrew Rhoden,Deputy Sheriff John Rhoden was struck and killed by a vehicle while attempting to deploy spike strips during a vehicle pursuit of a stolen car. The pursuit had started in Williamson County and proceeded into Bell County along I-35 at about 1:40 am. Deputy Rhoden was preparing to deploy the spike strips near Exit 294 when he was struck by a tractor-trailer. Deputy Rhoden had served with the Bell County Sheriff's Office for 10 years. He is survived by his parents and brother. His father had also served with the Bell County Sheriff’s Department.,31,10 years,Not available,Struck by vehicle,"Sunday, April 26, 2020",Cause: Struck by vehicle Weapon: Automobile Offender: Not available,John Rhoden,100.0
https://www.odmp.org/officer/25278-deputy-sheriff-samuel-alexander-leonard,Deputy Sheriff Samuel Alexander Leonard,"Deputy Sheriff Samuel Leonard and Sergeant Stephen Jones were shot and killed while responding to a complaint about a dog in the 100 block of Bryan Street in Eden, Texas. An altercation occurred as both deputies, along with an Eden municipal employee, made contact with a subject at a residence. The subject fatally shot both deputies and critically wounded the city employee before being taken into custody. The man has been charged with two counts of capital murder of a police officer. Deputy Sheriff Leonard served with the Concho County Sheriff's Office for six months, having spent one and a half years as a deputy/officer.",26,"1 year, 6 months",2402,Gunfire,"Monday, May 10, 2021",Cause: Gunfire Weapon: Gun; Unknown type Offender: Not available,Samuel Leonard,100.0
https://www.odmp.org/officer/25279-sergeant-stephen-george-jones,Sergeant Stephen George Jones,"Sergeant Stephen Jones and Deputy Sheriff Samuel Leonard were shot and killed while responding to a complaint about a dog in the 100 block of Bryan Street in Eden, Texas. An altercation occurred as both deputies, along with an Eden municipal employee, made contact with a subject at a residence. The subject fatally shot both deputies and critically wounded the city employee before being taken into custody. The man has been charged with two counts of capital murder of a police officer. Sergeant Jones had served with the Concho County Sheriff's Office for eight years. He was survived by his wife, five children, parents, and seven siblings.",34,8 years,2404,Gunfire,"Monday, May 10, 2021",Cause: Gunfire Weapon: Gun; Unknown type Offender: Charted with capital murder,Stephen Jones,100.0
https://www.odmp.org/officer/26068-sergeant-barbara-majors-fenley,Sergeant Barbara Majors Fenley,"Sergeant Barbara Fenley was killed while trying to evacuate residents during the rapidly moving Eastland Complex Fires. She was going door-to-door in the Carbon area in an attempt to notify citizens to leave the area when the area became inundated with smoke and low visibility. Her patrol car drove off the roadway and became engulfed in flames. The Eastland Complex Fires had already burned over 45,000 acres at the time of Sergeant Fenley's death. Sergeant Fenley had served with the Eastland County Sheriff's Office for nine years and had previously served with the Gorman Police Department for 10 years, including six years as the police chief. She is survived by her husband and three children.",51,19 years,Not available,Fire,"Thursday, March 17, 2022",Cause: Fire,Barbara Fenley,100.0
https://www.odmp.org/officer/26107-deputy-sheriff-darren-almendarez,Deputy Sheriff Darren Almendarez,"Deputy Sheriff Darren Almendarez was shot and killed while off duty when he interrupted three men attempting to steal a catalytic converter at about 8:40 pm. He and his wife were returning to their car in a grocery store parking lot at 2929 FM 1960 when he observed the three men attempting to steal the catalytic converter. He instructed his wife to run from the scene before confronting the subject. A struggle ensued after one of the men produced a handgun. During the struggle, Deputy Almendarez pulled out his off-duty weapon, and shots were exchanged in which he and two of the three suspects were wounded. Deputy Almendarez was transported to Houston Northwest Hospital where he succumbed to his wounds. The two wounded suspects drove themselves to the same hospital where they were taken into custody. The third suspect was arrested a few days later. Deputy Almendarez had served with the Harris County Sheriff's Office for 23 years and was assigned to the Auto Theft Task Force. He is survived by his wife.",51,23 years,Not available,Gunfire,"Thursday, March 31, 2022",Cause: Gunfire Weapon: Handgun Offender: 2 shot and wounded; 1 at large,Darren Almendarez,100.0
https://www.odmp.org/officer/2910-peace-officer-susano-castillo,Peace Officer Susano Castillo,"Officer Susano Castillo succumbed to a gunshot wound sustained six days earlier after responding to a shooting call. When he and his partner arrived they discovered an elderly man barricaded in his home. The suspect shot Officer Castillo with a .22 caliber rifle. The man, 72, was eventually arrested, charged with murder, and committed to a mental hospital. In January of 1979 he died at the San Antonio State Mental Hospital. Officer Castillo had been with the agency for 6 years and was survived by his wife and six children.",45,6 years,Not available,Gunfire,"Saturday, June 9, 1962","Cause: Gunfire Incident Date: Sunday, June 3, 1962 Weapon: Rifle; .22 caliber Offender: Died in mental hospital",Peace Officers,96.2962962962963
https://www.odmp.org/officer/323-trooper-bill-davidson,Trooper Bill Davidson,"Trooper Bill Davidson succumbed to gunshot wounds received the previous day after stopping a stolen car in Edna, Texas. The suspect shot Trooper Davidson in the neck with a 9 mm handgun when he approached the car. The suspect fled the scene of the shooting but was arrested within a couple of hours with the murder weapon in his possession. The suspect confessed to killing the trooper and repeated his confession to a grand jury. During his trial, the suspect claimed he shot Trooper Davidson because the rap music he was listening to, forced him to do so. The suspect was convicted of murder and sentenced to death. He was executed on October 6, 2005. Trooper Davidson had served with the Texas Highway Patrol for over 20 years. He was survived by his wife and two children.",43,20 years,Not available,Gunfire,"Sunday, April 12, 1992","Cause: Gunfire Incident Date: Saturday, April 11, 1992 Weapon: Handgun; 9 mm Offender: Executed in 2005",Bill Davidson,100.0
https://www.odmp.org/officer/3253-detective-john-jack-coleman,Detective John Jack Coleman,"Detective Coleman was shot and killed after being ambushed while driving down the street. Detective Coleman turned the corner when the suspect, standing in some trees, opened fire. The suspect was later arrested and sentenced to death before his sentence was commuted to life in prison. In October 1926, the offender escaped from Blue Ridge Prison Farm in Hobby, Texas with two other inmates. None of the three were ever recaptured.",Not available,Not available,Not available,Gunfire,"Monday, July 14, 1924",Cause: Gunfire Weapon: Gun; Unknown type Offender: Sentence commuted to life in prison,John B Coleman,92.3076923076923
https://www.odmp.org/officer/3866-trooper-jerry-don-davis,Trooper Jerry Don Davis,"Trooper Jerry Davis was shot and killed after stopping a vehicle for a traffic violation on U.S. 84 near Slaton. Unaware that the vehicle was stolen, Trooper Davis stopped the vehicle for speeding. He called in the vehicle's license plate, but when he did not respond to the dispatcher, a patrol unit found him slumped over his steering wheel. He had been shot once in the head and was holding the 21-year-old suspect's driver's license in his hand. The suspect was apprehended two days later in Liberal, Kansas. Two days later, the suspect's girlfriend, 22, smuggled a gun into the Lubbock County Jail, which was to be used by the suspect to free himself. But before he could take possession of the .38 caliber derringer, another inmate grabbed it and shot and killed himself. On February 20, 1981, he was convicted of capital murder and sentenced to life. He was denied parole on November 23, 2021 and in 2024. His next parole hearing is in January 2028. Trooper Davis had been with the Texas Department of Public Safety - Texas Highway Patrol for just under two years and was stationed at Slaton. He was survived by his parents.",25,2 years,4673,Gunfire,"Sunday, October 5, 1980",Cause: Gunfire Weapon: Handgun; .357 caliber Offender: Sentenced to life,Jerry Don Davis,100.0
https://www.odmp.org/officer/4141-sheriff-ronnie-ray-dodds,Sheriff Ronnie Ray Dodds,"Sheriff Ronnie Dodds and Chief Deputy Albert Jakubek were shot and killed while transporting two juvenile prisoners from Shiner to Halletsville.  During the transport, one of the prisoners was able to gain control of Sheriff Dodd's service revolver and shot both officers. Sheriff Dodds was killed instantly and Chief Deputy Jakubek succumbed to his wounds two weeks later. The triggerman, 20, was shot and wounded by officers as he was apprehended later that day near Halletsville. On January 23, 1970, he was sentenced to death but had his sentence commuted to life in 1972. The other suspect, 17, turned state's evidence and received a lesser sentence for a lesser charge. On June 19, 1997, he was still in prison. Sheriff Dodds had originally been elected by two votes in 1964 and was serving his second term as sheriff. He was a U.S. Navy veteran of WWII. In October 2017 a section of U.S. 90 Alternative was renamed the ""Sheriff Ronnie Dodds Memorial Highway.""",49,5 years,900,Gunfire,"Sunday, September 28, 1969",Cause: Gunfire Weapon: Officer's handgun Offender: Sentenced to life,Ronnie Dodds,100.0
https://www.odmp.org/officer/506-trooper-ii-bobby-steve-booth,Trooper II Bobby Steve Booth,"Trooper Bobby Booth was shot and killed while responding to a call of a man waving a gun north on US Highway 287 north of Stratford at 3 pm. When Trooper Booth arrived at the scene, he became engaged in a struggle with the subject. The man was able to gain control of Trooper Booth's service weapon and shot him several times. The suspect was charged with Trooper Booth's murder and sentenced to life in prison in 1994. Trooper Booth had served with the Texas Department of Public Safety - Texas Highway Patrol for 6 years. He was survived by his wife and two sons.",27,6 years,Not available,Gunfire,"Wednesday, June 16, 1993",Cause: Gunfire Weapon: Officer's handgun Offender: Sentenced to life,Bobby Steve Booth,100.0
https://www.odmp.org/officer/5093-trooper-mark-alan-frederick,Trooper Mark Alan Frederick,"Trooper Mark Frederick was shot and killed after stopping a car when it was reported that the occupants had used a stolen credit card. The suspect was on federal probation for making bomb threats at the time. He was sentenced to death and executed in January of 2000. Trooper Frederick was survived by his expectant wife, daughter, mother, and sister.",Not available,Not available,Not available,Gunfire,"Sunday, April 4, 1976",Cause: Gunfire Weapon: Handgun; 9 mm Offender: Executed in 2000,Mark Frederick,100.0
https://www.odmp.org/officer/5824-ranger-stanley-keith-guffey,Ranger Stanley Keith Guffey,"Ranger Stanley Guffey was shot and killed while attempting to rescue a 2-year-old girl who had been kidnapped in Horsehoe Bay, Texas. The suspect had already murdered an employee of the girl's family. The subject was shot and killed by Ranger Guffey's partner. Ranger Guffey had served with the Texas Rangers for 18 years. He was survived by his wife and children.",40,18 years,Not available,Gunfire,"Thursday, January 22, 1987",Cause: Gunfire Weapon: Handgun; .44 caliber Offender: Shot and killed,Stanley K Guffey,93.33333333333333
https://www.odmp.org/officer/64-corporal-willie-dale-taylor,Corporal Willie Dale Taylor,"The Officer Down Memorial Page is a non-profit organization dedicated to honoring the more than 25,000 law enforcement officers who have died in the line of duty in the United States since 1776.",50,28 years,824,Automobile crash,"Saturday, May 19, 1990",Cause: Automobile crash,Willie Dale Taylor,100.0
https://www.odmp.org/officer/65-deputy-sheriff-jesse-earl-mcfarland-iii,"Deputy Sheriff Jesse Earl McFarland, III","Deputy McFarland was killed when a tractor trailer ran over the top of his cruiser. Deputy McFarland was escorting a group of Vietnam Veterans in a march from Cleveland to Houston for Memorial Day celebrations. He is survived by his wife, daughter, and parents.",Not available,Not available,Not available,Automobile crash,"Monday, May 21, 1990",Cause: Automobile crash,Jessie Earl McFarland,95.23809523809523
https://www.odmp.org/officer/7151-police-officer-claud-william-johnson,Police Officer Claud William Johnson,"Police Officer Claud Johnson was beaten to death with his handgun after interrupting a burglar. He was on patrol on the courthouse square when he observed a man trying to break into a store. As Officer Johnson confronted the man his duty weapon was taken from him and the suspect beat him with it. The man was sentenced to death but had the sentence overturned and was re-sentenced to five years of hard labor in San Angelo, Texas. Officer Johnson was a veteran of WWII. He was survived by his wife and daughter.",43,Not available,Not available,Assault,"Wednesday, March 29, 1950",Cause: Assault Weapon: Officer's handgun Offender: Death sentence overturned,Sam Johnson,95.23809523809523
https://www.odmp.org/officer/7283-trooper-howard-wayne-jordan,Trooper Howard Wayne Jordan,"Trooper Howard Jordan was struck and killed by a vehicle as he and another trooper conducted a traffic stop on U.S. Highway 59 north of Atlanta, Texas, at about 11:00 pm. Trooper Jordan had served with the Texas Department of Public Safety for 10 years and was stationed in Texarkana. He was survived by his wife, son, daughter, parents, and sister. In March 2024 a section of U.S. Highway 67 was renamed the Trooper Howard Jordan Memorial Highway in his honor.",34,10 years,Not available,Struck by vehicle,"Tuesday, June 2, 1981",Cause: Struck by vehicle,Howard Jordan,100.0
https://www.odmp.org/officer/760-trooper-troy-merle-hogue,Trooper Troy Merle Hogue,"Trooper Troy Hogue was shot and killed while conducting a single-vehicle accident investigation on I-20 approximately 10 miles east of Big Spring at about 9:00 pm. A juvenile male had been placed in a Howard County Sheriff's Office deputy's patrol car after being detained for driving while intoxicated. Trooper Hogue and another trooper arrived on the scene and were attempting to interview the boy when the subject pulled out a gun and shot Trooper Hogue. The trooper and deputy disarmed the subject. The subject was convicted of capital murder and sentenced to life in prison. Trooper Hogue had served with the Texas Highway Patrol for seven years and had previously served with the Big Spring Police Department for 10 years. He is survived by his wife, son, daughter, parents, and two sisters.",39,17 years,Not available,Gunfire,"Friday, December 30, 1994",Cause: Gunfire Weapon: Handgun; .45 caliber Offender: Sentenced to life,Troy Hogue,100.0
https://www.odmp.org/officer/8242-patrolman-sammy-charles-long,Patrolman Sammy Charles Long,"Patrolman Sammy Long was shot and killed after making a traffic stop on US 67, five miles east of Rankin, Texas. Patrolman Long was finishing a traffic stop when a truck passed him, traveling over 100 miles per hour. He pursued the vehicle and pulled the vehicle over. The suspect, who was AWOL from the U.S. Navy and driving a stolen vehicle, opened fire with a .32 caliber handgun as Patrolman Long approached the vehicle, knocking him to the ground. The suspect then took Patrolman Long's service weapon and shot him in the back six times as he lay on the ground. A citizen, who was an avid deer hunter returning from a hunting trip, was stopped at a rest stop 150 yards from the traffic stop and witnessed the shooting. The man immediately retrieved his hunting rifle and shot the suspect at a range of 150 yards, killing him. Patrolman Long had served with the Texas Highway Patrol for 18 years and was stationed at McCamey. He was survived by his wife and son.",39,18 years,Not available,Gunfire,"Sunday, November 21, 1976",Cause: Gunfire Weapon: Officer's handgun Offender: Shot and killed by citizen,Sammy Long,100.0
https://www.odmp.org/officer/828-trooper-timothy-wade-mcdermott,Trooper Timothy Wade McDermott,"Trooper Timothy McDermott was killed in an automobile crash while he was traveling on U.S. 79 near Hearn en route to teach a firearms class. Trooper McDermott had served with the Texas Department of Public Safety - Texas Highway Patrol for 17.5 years. He was survived by his wife, daughter, and son.",42,"17 years, 6 months",Not available,Automobile crash,"Sunday, May 14, 1995",Cause: Automobile crash,Timothy Wade McDermott,100.0
https://www.odmp.org/officer/9740-chief-of-police-james-m-mumford,Chief of Police James M. Mumford,"Chief of Police James Mumford was shot and killed while assisting a highway patrolman stop a stolen car on Highway 290. When the suspect's car was forced to stop the driver exited the car and opened fire with a handgun, striking Chief Mumford in the head. The highway patrolman was also shot and seriously wounded but was able to return fire. Two passing motorists were able to subdue the suspect. The man who shot him was sentenced to 12 years in jail. Chief Mumford had served with the Elgin Police Department for 18 months and had previously served as chief of the Granger Police Department for four years. He was survived by his wife and two daughters.",54,"5 years, 6 months",Not available,Gunfire,"Friday, November 15, 1963",Cause: Gunfire Weapon: Handgun Offender: Sentenced to 12 years,Police Chief James M Mumford,96.29629629629629
https://www.odmp.org/officer/9887-chief-deputy-constable-david-elwood-nelson,Chief Deputy Constable David Elwood Nelson,"Around 6:00 a.m. on May 3, 1985, Chief Deputy Constable David E. Nelson was traveling in 5500 block of U.S. Highway 290 in the Oak Hill community heading to Lake Travis to serve some civil papers. A large flatbed tractor trailer backed out of a parking lot. Nelson did not react fast enough and collided with the truck. He was taken to Brackenridge Hospital where he died from his injuries at 2:25 a.m. on May 20, 1985. He was 7 days short of his 60th birthday. Nelson was survived by his wife, Beatrice Carlson Nelson, two sisters and two brothers. He was buried in the Capital Memorial Gardens Cemetery in Austin.",59,9 years,Not available,Automobile crash,"Monday, May 20, 1985","Cause: Automobile crash Incident Date: Friday, May 3, 1985",David Nelson,100.0
