name,original_designation,county,wikipedia_url,status,summary,education,dob,dod,place_of_birth,place_of_death,gender,involved_in_sports,involved_in_politics,involved_in_military,involved_in_music
Michael A. Bock,Staff Sergeant Michael A. Bock Memorial Highway,Lake,Not Found,Not Found,,,,,,,,,,,
Jess Thomas,Sergeant Jess Thomas Memorial Highway,Lake,https://en.wikipedia.org/wiki/Jess_Thomas,Found,,,,,,,,,,,
Ronald Gaffney,Specialist Ronald Gaffney Memorial Highway,Lake,https://en.wikipedia.org/wiki/Frank_Gaffney,Found,,,,,,,,,,,
Jim Tullis,Jim Tullis Memorial Boulevard,Duval,https://en.wikipedia.org/wiki/Jim_Tullis,Found,,,,,,,,,,,
Allan Bense,Allan Bense Highway,Bay,https://en.wikipedia.org/wiki/Allan_Bense,Found,,,,,,,,,,,
Martin Luther King Jr,"Dr. Martin Luther King Jr., Memorial Highway",Brevard,https://en.wikipedia.org/wiki/Martin_Luther_King_Jr,Found,,,,,,,,,,,
Von Mizell,Dr. Von Mizell Drive,Broward,https://en.wikipedia.org/wiki/Von_Mizell,Found,,,,,,,,,,,
Robert L. Clark,Robert L. Clark Memorial Highway,Broward,https://en.wikipedia.org/wiki/Robert_L._Clark,Found,,,,,,,,,,,
Charles Simeon Dean,Sheriff Charles Simeon Dean Highway,Citrus,Not Found,Not Found,,,,,,,,,,,
James Harold Thompson,James Harold Thompson Highway,Gadsden,https://en.wikipedia.org/wiki/James_Harold_Thompson,Found,,,,,,,,,,,
Paul Smith,Sergeant Paul Smith Memorial Highway,Hillsborough,https://en.wikipedia.org/wiki/Paul_Smith,Found,,,,,,,,,,,
Marvin L. Roberts,Sergeant Marvin L. Roberts Memorial Highway,Lake,https://en.wikipedia.org/wiki/Marvin_L._Cohen,Found,,,,,,,,,,,
Alexander Miller,Specialist Alexander Miller Memorial Highway,Lake,https://en.wikipedia.org/wiki/Alexander_Miller,Found,,,,,,,,,,,
Chris Daniels,Sheriff Chris Daniels Memorial Highway,Lake,https://en.wikipedia.org/wiki/Chris_Daniels,Found,,,,,,,,,,,
CK Steele,CK Steele Memorial Highway,Leon,https://en.wikipedia.org/wiki/Charles_Kenzie_Steele,Found,,,,,,,,,,,
Tony Forgione,Deputies Tony Forgione and Bill Myers Memorial Bridge,Okaloosa,Not Found,Not Found,,,,,,,,,,,
Bill Myers,Deputies Tony Forgione and Bill Myers Memorial Bridge,Okaloosa,https://en.wikipedia.org/wiki/Bill_Myers,Found,,,,,,,,,,,
John B. Arnold,"John B. Arnold, Jr., Memorial Highway",Okaloosa,https://en.wikipedia.org/wiki/Magda_B._Arnold,Found,,,,,,,,,,,
R.C. Sproul,Dr. R.C. Sproul Way,Seminole,https://en.wikipedia.org/wiki/R.C._Sproul,Found,,,,,,,,,,,
David G. Ledgerwood,David G. Ledgerwood Memorial Highway,Volusia,Not Found,Not Found,,,,,,,,,,,
Thomas A. Wright,Rev. Dr. Thomas A. Wright Boulevard,Alachua,https://en.wikipedia.org/wiki/Thomas_Wright,Found,,,,,,,,,,,
Candice Ellize Francois,Candice Ellize Francois Street,Broward,Not Found,Not Found,,,,,,,,,,,
Mixson,Governor Mixson Highway,Jackson,https://en.wikipedia.org/wiki/Mixson,Found,,,,,,,,,,,
John U. Lloyd,John U. Lloyd Bridge,Broward,https://en.wikipedia.org/wiki/John_Bedford_Lloyd,Found,,,,,,,,,,,
Wilbur Barry,Wilbur Barry Highway,Escambia,Not Found,Not Found,,,,,,,,,,,
Helen Gordon Davis,Helen Gordon Davis Boulevard,Hillsborough,https://en.wikipedia.org/wiki/Helen_Gordon_Davis,Found,,,,,,,,,,,
A. Hagood Ellzey,Deputy A. Hagood Ellzey Memorial Highway,Levy,Not Found,Not Found,,,,,,,,,,,
Trooper Patrick Ambroise,Trooper Patrick Ambroise Memorial Highway,Miami-Dade,Not Found,Not Found,,,,,,,,,,,
Christopher Smith,Deputy Christopher Smith Memorial Highway,Multiple Counties,https://en.wikipedia.org/wiki/Christopher_Smith,Found,,,,,,,,,,,
Rep. J. Troy Peacock,Rep. J. Troy Peacock Bridge,Jackson,Not Found,Not Found,,,,,,,,,,,
Benedict J. Thomas,Lieutenant Benedict J. Thomas Memorial Highway,Hillsborough,Not Found,Not Found,,,,,,,,,,,
Trooper John C. Hagerty,Trooper John C. Hagerty Memorial Highway,Polk,Not Found,Not Found,,,,,,,,,,,
Trooper Joseph Sawtell Jr,Trooper Joseph Sawtell Jr. Memorial Highway,Brevard,Not Found,Not Found,,,,,,,,,,,
Steven G. Greco,Sergeant Steven G. Greco Memorial Highway,Broward,Not Found,Not Found,,,,,,,,,,,
"George A. Brown, III","Sergeant George A. Brown, III Memorial Highway",Columbia,https://en.wikipedia.org/wiki/George_Atkinson_III,Found,,,,,,,,,,,
Trooper Bradley S. Glascock,Trooper Bradley S. Glascock Memorial Highway,Miami-Dade,Not Found,Not Found,,,,,,,,,,,
Trooper Lindell J. Gibbons,Trooper Lindell J. Gibbons Memorial Highway,Collier,Not Found,Not Found,,,,,,,,,,,
Trooper Robert P. McDermon,Trooper Robert P. McDermon Memorial Highway,Duval,Not Found,Not Found,,,,,,,,,,,
Robert L. Shevin,Robert L. Shevin Way,Miami-Dade,https://en.wikipedia.org/wiki/Robert_L._Shevin,Found,,,,,,,,,,,
Cleo L. Tomlinson,"Trooper Merle J. Cook, Trooper Robert L. Pruitt, Trooper Cleo L. Tomlinson, Jr. Memorial Highway",St. Johns,Not Found,Not Found,,,,,,,,,,,
Trooper Luther P. Daniel,Trooper Luther P. Daniel Memorial Highway,Miami-Dade,Not Found,Not Found,,,,,,,,,,,
William T. Bishop,Sergeant William T. Bishop Memorial Highway,Alachua,https://en.wikipedia.org/wiki/William_Bishop_%28actor%29,Found,,,,,,,,,,,
Trooper Halley Strickland,Trooper Halley Strickland Memorial Highway,Brevard,Not Found,Not Found,,,,,,,,,,,
"Martin Luther King, Jr","Martin Luther King, Jr., Boulevard",Brevard,https://en.wikipedia.org/wiki/Martin_Luther_King%2C_Jr,Found,,,,,,,,,,,
David C. Hobbs,Sheriff David C. Hobbs Memorial Highway,Jefferson,https://en.wikipedia.org/wiki/David_Hobbs_%28racing_driver%29,Found,,,,,,,,,,,
John C. Baxter,"Sergeant John C. Baxter, Jr. Memorial Highway",Manatee,https://en.wikipedia.org/wiki/John_Baxter,Found,,,,,,,,,,,
Patrolman Royston E. Walker,Patrolman Royston E. Walker Memorial Highway,Dixie,Not Found,Not Found,,,,,,,,,,,
Daniel Hinton,Sergeant Daniel Hinton Memorial Highway,Lee,https://en.wikipedia.org/wiki/Darby_Hinton,Found,,,,,,,,,,,
Jorge P. Castano,Jorge P. Castano Way,Miami-Dade,Not Found,Not Found,,,,,,,,,,,
Sherman L. Scott,"Trooper Sherman L. Scott, Jr. Memorial Highway",Baker,https://en.wikipedia.org/wiki/L._Scott_Caldwell,Found,,,,,,,,,,,
Trooper Richard Howell,Trooper Richard Howell Memorial Highway,Orange,Not Found,Not Found,,,,,,,,,,,
Frederick J. Groves,"Troopers Herman T. Morris and Frederick J. Groves, Jr. Memorial Highway",Palm Beach,Not Found,Not Found,,,,,,,,,,,
Trooper Wilburn A. Kelly,Trooper Wilburn A. Kelly Memorial Highway,St. Johns,Not Found,Not Found,,,,,,,,,,,
Trooper Edwin J. Gasque,Trooper Edwin J. Gasque Memorial Highway,Duval,Not Found,Not Found,,,,,,,,,,,
SSGT Edward C. Sheffield,SSGT Edward C. Sheffield Memorial Bridge,Taylor,Not Found,Not Found,,,,,,,,,,,
Trooper Alvin V. Kohler,Trooper Alvin V. Kohler Memorial Highway,Miami-Dade,Not Found,Not Found,,,,,,,,,,,
Trooper Elmer C. Barnett,Trooper Elmer C. Barnett Memorial Highway,Miami-Dade,Not Found,Not Found,,,,,,,,,,,
Trooper Chelsea Richard,Trooper Chelsea Richard Memorial Highway,Marion,Not Found,Not Found,,,,,,,,,,,
Trooper Milan D. Hendrix,Trooper Milan D. Hendrix Memorial Highway,Escambia,Not Found,Not Found,,,,,,,,,,,
Officer Lance Christian Whitaker,Officer Lance Christian Whitaker Highway,Duval,Not Found,Not Found,,,,,,,,,,,
A.B. Michael,A.B. Michael Bridges,Indian River,https://en.wikipedia.org/wiki/Michael_B._Jordan,Found,,,,,,,,,,,
Archibald Johns Thomas,Archibald Johns Thomas Bridge,Bradford,https://en.wikipedia.org/wiki/Archibald_Thomas_Robertson,Found,,,,,,,,,,,
Austin D. Gay,Austin D. Gay Memorial Highway,Columbia,Not Found,Not Found,,,,,,,,,,,
Chief Lynne Nungesser,Deputy Chief Lynne Nungesser Memorial Highway,Brevard,Not Found,Not Found,,,,,,,,,,,
Donald Ray Cook,Deputy Donald Ray Cook Memorial Highway,Escambia,https://en.wikipedia.org/wiki/USS_Donald_Cook,Found,,,,,,,,,,,
Matt Miller,Deputy Matt Miller Memorial Boulevard,Seminole,https://en.wikipedia.org/wiki/Matt_Miller,Found,,,,,,,,,,,
David Anthony Abella,Deputy Sheriff David Anthony Abella Memorial Highway,Hillsborough,Not Found,Not Found,,,,,,,,,,,
Harriet Tubman,Harriet Tubman Highway/U.S. 1/S.R. 5,Miami-Dade,https://en.wikipedia.org/wiki/Harriet_Tubman,Found,,,,,,,,,,,
J.D. Turner,J.D. Turner Highway,Multiple Counties,https://en.wikipedia.org/wiki/J._M._W._Turner,Found,,,,,,,,,,,
John B. Coxwell,John B. Coxwell Memorial Highway,Duval,Not Found,Not Found,,,,,,,,,,,
John C. Gainous,John C. Gainous Memorial Highway,Gulf,Not Found,Not Found,,,,,,,,,,,
Joshua S. Montaad,Joshua S. Montaad Memorial Highway,Taylor,Not Found,Not Found,,,,,,,,,,,
Master Police Officer Lois Marrero,Master Police Officer Lois Marrero Memorial Highway,Hillsborough,Not Found,Not Found,,,,,,,,,,,
Phoebe Jonchuck,Phoebe Jonchuck Memorial Bridge,Pinellas,Not Found,Not Found,,,,,,,,,,,
Purple Heart,Purple Heart Memorial Highway,Multiple Counties,https://en.wikipedia.org/wiki/Purple_Heart,Found,,,,,,,,,,,
Rosa Maria Plasencia,Rosa Maria Plasencia Way,Miami-Dade,Not Found,Not Found,,,,,,,,,,,
"Slaughter, Read, Ramirez, Lindsey","Slaughter, Read, Ramirez, Lindsey Memorial Highway",Gilchrist,Not Found,Not Found,,,,,,,,,,,
Trooper Joseph Bullock,Trooper Joseph Bullock Memorial Highway,Martin,Not Found,Not Found,,,,,,,,,,,
Wesley L. Silas,Wesley L. Silas Memorial Highway,Suwannee,Not Found,Not Found,,,,,,,,,,,
Willis V. Rowan,Willis V. Rowan Memorial Highway,Gulf,Not Found,Not Found,,,,,,,,,,,
Olympian Theresa Manuel,Olympian Theresa Manuel Way,Hillsborough,https://en.wikipedia.org/wiki/Theresa_Manuel,Found,,,,,,,,,,,
Patrolman Leroy Bender,Patrolman Leroy Bender Memorial Highway,Seminole,Not Found,Not Found,,,,,,,,,,,
Officer James Ronco,Officer James Ronco Memorial Highway,Hillsborough,Not Found,Not Found,,,,,,,,,,,
Coach Jeff Sommer,Coach Jeff Sommer Memorial Highway,Lee,Not Found,Not Found,,,,,,,,,,,
Corporal Joseph R. Bertrand,Corporal Joseph R. Bertrand Memorial Highway,Lee,Not Found,Not Found,,,,,,,,,,,
KMI Kentucky Military Institute,KMI Kentucky Military Institute Bridge,Sarasota,https://en.wikipedia.org/wiki/Kentucky_Military_Institute,Found,,,,,,,,,,,
"Joe Anderson, Jr","Joe Anderson, Jr. Memorial Highway",Multiple Counties,Not Found,Not Found,,,,,,,,,,,
David W. Moss,David W. Moss Memorial Highway,Levy,https://en.wikipedia.org/wiki/W._Stanley_Moss,Found,,,,,,,,,,,
Joe C. Peavy,Joe C. Peavy Highway,Madison,Not Found,Not Found,,,,,,,,,,,
Private First Class Joey Moody,Private First Class Joey Moody Bridge,Taylor,Not Found,Not Found,,,,,,,,,,,
Francis Gibbs,Francis Gibbs Memorial Highway,Nassau,https://en.wikipedia.org/wiki/William_Francis_Gibbs,Found,,,,,,,,,,,
Emmitt G. Coakley,Emmitt G. Coakley Memorial Highway,Nassau,Not Found,Not Found,,,,,,,,,,,
Julia Munroe Woodward,Julia Munroe Woodward Highway,Gadsden,Not Found,Not Found,,,,,,,,,,,
"Trooper James Herbert Fulford, Jr","Trooper James Herbert Fulford, Jr., Memorial Highway",Jefferson,Not Found,Not Found,,,,,,,,,,,
Danny A. Pino,Danny A. Pino Way,Leon,https://en.wikipedia.org/wiki/Danny_Pino,Found,,,,,,,,,,,
Mayor Randall Wise,Mayor Randall Wise Memorial Highway,Okaloosa,Not Found,Not Found,,,,,,,,,,,
C. Wayne Ansley,C. Wayne Ansley Highway,Okaloosa,Not Found,Not Found,,,,,,,,,,,
Wendell Hall,Sheriff Wendell Hall Highway ,Santa Rosa,https://en.wikipedia.org/wiki/Wendell_Hall,Found,,,,,,,,,,,
Kimberly Ann Hurd,Kimberly Ann Hurd Memorial Highway,Broward,Not Found,Not Found,,,,,,,,,,,
First Class Deputy Norman Lewis,First Class Deputy Norman Lewis Memorial Highway,Orange,Not Found,Not Found,,,,,,,,,,,
Debra Clayton,Lieutenant Debra Clayton Memorial Highway,Orange,https://en.wikipedia.org/wiki/Debra_Wilson,Found,,,,,,,,,,,
Bessie Coleman,Bessie Coleman Street,Orange,https://en.wikipedia.org/wiki/Bessie_Coleman,Found,,,,,,,,,,,
Fred Karl,Fred Karl Memorial Highway,Volusia,https://en.wikipedia.org/wiki/Fred_Karl,Found,,,,,,,,,,,
Carmelau Monestime,Carmelau Monestime Street,Miami‐Dade,https://en.wikipedia.org/wiki/Carmelau_Monestime,Found,,,,,,,,,,,
Clifford Garfield O’Connor,Dr. Clifford Garfield O’Connor Street,Miami‐Dade,Not Found,Not Found,,,,,,,,,,,
Jessie Trice,Jessie Trice Way,Miami‐Dade,Not Found,Not Found,,,,,,,,,,,
Luis Fernando Brande,Luis Fernando Brande Street,Miami‐Dade,Not Found,Not Found,,,,,,,,,,,
Ralph Sanchez,Ralph Sanchez Way,Miami‐Dade,https://en.wikipedia.org/wiki/Ralph_Sanchez,Found,,,,,,,,,,,
Senator Paul B. Steinberg,Senator Paul B. Steinberg Bridge,Miami‐Dade,https://en.wikipedia.org/wiki/Paul_B._Steinberg,Found,,,,,,,,,,,
Isaiah S. Williams,"Bishop Isaiah S. Williams, Jr., Street",Miami‐Dade,https://en.wikipedia.org/wiki/Isaiah_Williams_%28wide_receiver%2C_born_2001%29,Found,,,,,,,,,,,
Ronald A. Silver,Ronald A. Silver Drive,Miami‐Dade,Not Found,Not Found,,,,,,,,,,,
Georgia Ayers,Georgia Ayers Way,Miami‐Dade,https://en.wikipedia.org/wiki/Nick_Ayers,Found,,,,,,,,,,,
Phares Duverne,Phares Duverne Highway,Miami‐Dade,Not Found,Not Found,,,,,,,,,,,
Carl Mertes,Sergeant Carl Mertes Street,Miami‐Dade,https://en.wikipedia.org/wiki/Carl_Damm,Found,,,,,,,,,,,
Stanley G. Tate,Stanley G. Tate Boulevard,Miami‐Dade,https://en.wikipedia.org/wiki/Stanley_G._Tate,Found,,,,,,,,,,,
Jacob Fleishman,Jacob Fleishman Street,Miami‐Dade,Not Found,Not Found,,,,,,,,,,,
Miami Springs,Miami Springs Boulevard,Miami‐Dade,https://en.wikipedia.org/wiki/Miami_Springs,Found,,,,,,,,,,,
Guillermo Zamora,Guillermo Zamora Boulevard,Miami‐Dade,https://en.wikipedia.org/wiki/Guillermo_Paiva,Found,,,,,,,,,,,
Rene Ledesma,Rene Ledesma Way,Miami‐Dade,https://en.wikipedia.org/wiki/RJ_Ledesma,Found,,,,,,,,,,,
Sergeant Amaru Aguilar‐Borgen,"U.S. Army Sergeant Amaru Aguilar‐Borgen Memorial Highway
",Miami‐Dade,Not Found,Not Found,,,,,,,,,,,
Larcenia Bullard,Larcenia Bullard Way,Miami‐Dade,https://en.wikipedia.org/wiki/Larcenia_Bullard,Found,,,,,,,,,,,
Reverend John A. Ferguson,Reverend John A. Ferguson Street,Miami‐Dade,Not Found,Not Found,,,,,,,,,,,
Robert M. Levy,Robert M. Levy Memorial Boulevard,Miami‐Dade,https://en.wikipedia.org/wiki/Mordecai_M._Levy,Found,,,,,,,,,,,
Lourdes Guzman‐DeJeus,Lourdes Guzman‐DeJeus Street,Miami‐Dade,Not Found,Not Found,,,,,,,,,,,
Herman Echevarria,Herman Echevarria Way,Miami‐Dade,Not Found,Not Found,,,,,,,,,,,
Belen Presidents,Belen Presidents Way,Miami‐Dade,Not Found,Not Found,,,,,,,,,,,
Betty Pino,Betty Pino Way,Miami‐Dade,https://en.wikipedia.org/wiki/Betty_Pino,Found,,,,,,,,,,,
Muhammad Ali,Muhammad Ali Boulevard,Miami‐Dade,https://en.wikipedia.org/wiki/Muhammad_Ali,Found,,,,,,,,,,,
Nelson Mandela,Nelson Mandela Boulevard,Miami‐Dade,https://en.wikipedia.org/wiki/Nelson_Mandela,Found,,,,,,,,,,,
Indian Key Irving R. Eyster,Indian Key Irving R. Eyster Bridge,Monroe,Not Found,Not Found,,,,,,,,,,,
Irene U. Hooper,Irene U. Hooper Memorial Bridges,Monroe,Not Found,Not Found,,,,,,,,,,,
Gulf Coast,Gulf Coast Highway,Pasco,https://en.wikipedia.org/wiki/Gulf_Coast,Found,,,,,,,,,,,
C. Bette Wimbish,C. Bette Wimbish Highway,Pinellas,https://en.wikipedia.org/wiki/C._Bette_Wimbish,Found,,,,,,,,,,,
Albert W. Gilchrist,Albert W. Gilchrist Bridge,Charlotte,https://en.wikipedia.org/wiki/Albert_W._Gilchrist,Found,,,,,,,,,,,
Tom Adams,Tom Adams Bridge,Charlotte,https://en.wikipedia.org/wiki/Tom_Adams,Found,,,,,,,,,,,
Judge S. S. Jolley,Judge S. S. Jolley Bridge,Collier,Not Found,Not Found,,,,,,,,,,,
S. Chesterfield Smith,S. Chesterfield Smith Bridge,DeSoto,https://en.wikipedia.org/wiki/S._Chesterfield_Smith,Found,,,,,,,,,,,
Mamie Langdale,Mamie Langdale Memorial Bridge,Glades,Not Found,Not Found,,,,,,,,,,,
Matanzas Pass,Matanzas Pass Bridge,Lee,https://en.wikipedia.org/wiki/Matanzas_Pass_Preserve,Found,,,,,,,,,,,
Anna Maria Island,Anna Maria Island Bridge,Manatee,https://en.wikipedia.org/wiki/Anna_Maria_Island,Found,,,,,,,,,,,
H. E. Boyd,H. E. Boyd Bridge,Manatee,https://en.wikipedia.org/wiki/H._E._Boyd,Found,,,,,,,,,,,
Longboat Key,Longboat Key Bridge,Manatee,https://en.wikipedia.org/wiki/Longboat_Key,Found,,,,,,,,,,,
Palma Sola,Palma Sola Bridge,Manatee,https://en.wikipedia.org/wiki/Palma_Sola,Found,,,,,,,,,,,
Trooper Jeffery Dale Young,Trooper Jeffery Dale Young Memorial Bridge,Manatee,Not Found,Not Found,,,,,,,,,,,
American Legion,American Legion Memorial Highway,Multiple Counties,https://en.wikipedia.org/wiki/American_Legion,Found,,,,,,,,,,,
Bob Bentley,Bob Bentley Highway,Multiple Counties,https://en.wikipedia.org/wiki/Bob_Bentley,Found,,,,,,,,,,,
Cecil M. Webb,Cecil M. Webb Highway,Multiple Counties,https://en.wikipedia.org/wiki/Fred_C._Babcock/Cecil_M._Webb_Wildlife_Management_Area,Found,,,,,,,,,,,
Charlie Miner,Charlie Miner Memorial Highway,Multiple Counties,https://en.wikipedia.org/wiki/Charlie_Gettig,Found,,,,,,,,,,,
Claude Pepper,Claude Pepper Memorial Highway,Multiple Counties,https://en.wikipedia.org/wiki/Claude_Pepper,Found,,,,,,,,,,,
E. C. Rowell,E. C. Rowell Highway,Multiple Counties,https://en.wikipedia.org/wiki/E._C._Rowell,Found,,,,,,,,,,,
Thomas W. Bryant,Thomas W. Bryant Highway,Multiple Counties,Not Found,Not Found,,,,,,,,,,,
Billy Bowlegs III,Billy Bowlegs III Bridge,Okeechobee,https://en.wikipedia.org/wiki/Billy_Bowlegs_III,Found,,,,,,,,,,,
James A. Van Fleet,General James A. Van Fleet Bridge,Polk,https://en.wikipedia.org/wiki/James_A._Van_Fleet,Found,,,,,,,,,,,
George W. Harris,"George W. Harris, Jr. Boulevard",Polk,https://en.wikipedia.org/wiki/George_W._Harris,Found,,,,,,,,,,,
Heather Hurd,Heather Hurd Memorial Highway,Polk,Not Found,Not Found,,,,,,,,,,,
John L. Robinson,John L. Robinson Highway,Polk,https://en.wikipedia.org/wiki/John_L._Robinson,Found,,,,,,,,,,,
L. H. Recker,L. H. Recker Highway,Polk,Not Found,Not Found,,,,,,,,,,,
Lisle W. Smith,Lisle W. Smith Highway,Polk,Not Found,Not Found,,,,,,,,,,,
Milton D. Wilson,Milton D. Wilson Highway,Polk,Not Found,Not Found,,,,,,,,,,,
W.S. Badcock,W.S. Badcock Boulevard,Polk,https://en.wikipedia.org/wiki/Badcock_Home_Furniture_%26more,Found,,,,,,,,,,,
William P. Langdon,William P. Langdon Highway,Polk,https://en.wikipedia.org/wiki/William_Langdon,Found,,,,,,,,,,,
William R. Van Fleet,William R. Van Fleet Highway,Polk,https://en.wikipedia.org/wiki/James_Van_Fleet,Found,,,,,,,,,,,
George Kumpe,Colonel George Kumpe Bridge,Sarasota,Not Found,Not Found,,,,,,,,,,,
Gil Waters,Gil Waters Bridge,Sarasota,https://en.wikipedia.org/wiki/Roger_Waters,Found,,,,,,,,,,,
Trooper Claude Baker,Trooper Claude Baker Memorial Highway,Sarasota,Not Found,Not Found,,,,,,,,,,,
Reverend Kenneth C. Crossman,Reverend Kenneth C. Crossman Bridge,Orange,Not Found,Not Found,,,,,,,,,,,
Sid Martin,Sid Martin Memorial Highway,Alachua,https://en.wikipedia.org/wiki/Sid_Vicious,Found,,,,,,,,,,,
Ben Rowe,Ben Rowe Highway,Baker,https://en.wikipedia.org/wiki/Holly_Rowe,Found,,,,,,,,,,,
Buddy Norman,Buddy Norman Highway,Bradford,https://en.wikipedia.org/wiki/Buddy_Holly,Found,,,,,,,,,,,
Elgin Bayless,Elgin Bayless Highway,Bradford,Not Found,Not Found,,,,,,,,,,,
Tom Chastain,Tom Chastain Highway,Bradford,https://en.wikipedia.org/wiki/Jessica_Chastain,Found,,,,,,,,,,,
James C. Penney,James C. Penney Memorial Boulevard,Clay,https://en.wikipedia.org/wiki/James_C._Penney,Found,,,,,,,,,,,
James A. Brewer,James A. Brewer Highway,Columbia,https://en.wikipedia.org/wiki/James_Brewer,Found,,,,,,,,,,,
"Chad Allen Reed, Sr","Captain Chad Allen Reed, Sr., Memorial Highway",Dixie,Not Found,Not Found,,,,,,,,,,,
Joe H. Anderson,"Joe H. Anderson, Sr., Bridge",Dixie,https://en.wikipedia.org/wiki/Joe_Anderson_%28actor%29,Found,,,,,,,,,,,
Stephen Foster,Stephen Foster Bridge,Dixie,https://en.wikipedia.org/wiki/Stephen_Foster,Found,,,,,,,,,,,
"U.S. Navy BMC Samuel Calhoun Chavous, Jr","U.S. Navy BMC Samuel Calhoun Chavous, Jr., Memorial Highway",Dixie,Not Found,Not Found,,,,,,,,,,,
Angela Webb Hammonds,Angela Webb Hammonds Boulevard,Duval,Not Found,Not Found,,,,,,,,,,,
Arthur N. Sollee,Arthur N. Sollee Bridge,Duval,Not Found,Not Found,,,,,,,,,,,
Bernard Wilkes,Bernard Wilkes Highway,Duval,https://en.wikipedia.org/wiki/John_Wilkes,Found,,,,,,,,,,,
C. D. Kinsey,C. D. Kinsey Street,Duval,Not Found,Not Found,,,,,,,,,,,
C. Ray Greene,C. Ray Greene Bridge,Duval,https://en.wikipedia.org/wiki/Ray_Greene_%28politician%29,Found,,,,,,,,,,,
Charles E. Bennett,Charles E. Bennett Memorial Bridge,Duval,https://en.wikipedia.org/wiki/Charles_E._Bennett,Found,,,,,,,,,,,
Ed Holt,Ed Holt Boulevard,Duval,https://en.wikipedia.org/wiki/Rod_Holt,Found,,,,,,,,,,,
George Matthews,George Matthews Boulevard,Duval,https://en.wikipedia.org/wiki/George_Matthews,Found,,,,,,,,,,,
Hans G. Tanzler,"Hans G. Tanzler, Jr., Interstate",Duval,https://en.wikipedia.org/wiki/Hans_G._Tanzler,Found,,,,,,,,,,,
Isaiah D. Hart,Isaiah D. Hart Bridge,Duval,https://en.wikipedia.org/wiki/Isaiah_D._Hart,Found,,,,,,,,,,,
James H. Argrett,"James H. Argrett, Sr., Avenue",Duval,Not Found,Not Found,,,,,,,,,,,
James Weldon Johnson,James Weldon Johnson Memorial Highway,Duval,https://en.wikipedia.org/wiki/James_Weldon_Johnson,Found,,,,,,,,,,,
Jim Deaton,Jim Deaton Memorial Bridge,Duval,https://en.wikipedia.org/wiki/Jim_Deaton,Found,,,,,,,,,,,
John T. Alsop,"John T. Alsop, Jr. Bridge",Duval,https://en.wikipedia.org/wiki/John_T._Alsop,Found,,,,,,,,,,,
Lawrence Callahan,Lawrence Callahan Highway,Duval,https://en.wikipedia.org/wiki/Lawrence_Callahan,Found,,,,,,,,,,,
Moses Baker,Moses Baker Boulevard,Duval,https://en.wikipedia.org/wiki/Moses_Baker,Found,,,,,,,,,,,
Napoleon Bonaparte Broward,Napoleon Bonaparte Broward Bridge,Duval,https://en.wikipedia.org/wiki/Napoleon_Bonaparte_Broward,Found,,,,,,,,,,,
Robert L. Brown,"Robert L. Brown, Sr., Highway",Duval,https://en.wikipedia.org/wiki/Robert_L._Brown,Found,,,,,,,,,,,
Ronald W. Reagan,Ronald W. Reagan Memorial Highway,Duval,https://en.wikipedia.org/wiki/Ronald_W._Reagan,Found,,,,,,,,,,,
Roy Willis,Roy Willis Street,Duval,Not Found,Not Found,,,,,,,,,,,
St. Elmo W. Acosta,St. Elmo W. Acosta Bridge,Duval,https://en.wikipedia.org/wiki/St._Elmo_W._Acosta,Found,,,,,,,,,,,
Tom Marshall,Tom Marshall Bridge,Duval,https://en.wikipedia.org/wiki/Tom_Marshall,Found,,,,,,,,,,,
Willie F. Faust,Willie F. Faust Boulevard,Duval,Not Found,Not Found,,,,,,,,,,,
Ricky Lord,Sergeant Ricky Lord Memorial Highway,Gilchrist,https://en.wikipedia.org/wiki/Freeway_Ricky_Ross,Found,,,,,,,,,,,
R. Stanley Adams,R. Stanley Adams Memorial Highway,Hamilton,https://en.wikipedia.org/wiki/R._Stanley_Adams,Found,,,,,,,,,,,
Frank R. Norris,Frank R. Norris Bridge,Lafayette,https://en.wikipedia.org/wiki/Frank_Norris,Found,,,,,,,,,,,
Fred P. Parker,Fred P. Parker Memorial Bridge,Lafayette,Not Found,Not Found,,,,,,,,,,,
Hal W. Adams,Hal W. Adams Bridge,Lafayette,Not Found,Not Found,,,,,,,,,,,
Stanley H. Cannon,Sheriff Stanley H. Cannon Memorial Highway,Lafayette,Not Found,Not Found,,,,,,,,,,,
Forest Ranger Edward O. Peters,Forest Ranger Edward O. Peters Memorial Highway,Levy,Not Found,Not Found,,,,,,,,,,,
Marine Lance Corporal Brian R. Buesing,Marine Lance Corporal Brian R. Buesing Memorial Highway,Levy,Not Found,Not Found,,,,,,,,,,,
SPC James A. Page,U.S. Army SPC James A. Page Memorial Highway,Levy,Not Found,Not Found,,,,,,,,,,,
United States Army Sergeant Karl A. Campbell,United States Army Sergeant Karl A. Campbell Memorial Highway,Levy,Not Found,Not Found,,,,,,,,,,,
United States Army Specialist Brandon Tyler Thorsen,United States Army Specialist Brandon Tyler Thorsen Memorial Highway,Levy,Not Found,Not Found,,,,,,,,,,,
William R. Coulter,William R. Coulter Highway,Levy,https://en.wikipedia.org/wiki/William_A._Coulter,Found,,,,,,,,,,,
Raeburn C. Horne,Raeburn C. Horne Memorial Highway,Madison,https://en.wikipedia.org/wiki/Raeburn_C._Horne,Found,,,,,,,,,,,
Bill Pearce,Bill Pearce Highway,Multiple Counties,https://en.wikipedia.org/wiki/Bill_Pearce,Found,,,,,,,,,,,
Blue Springs,Blue Springs Highway,Multiple Counties,https://en.wikipedia.org/wiki/Blue_Springs,Found,,,,,,,,,,,
Browning Pearce,Browning Pearce Memorial Highway,Multiple Counties,https://en.wikipedia.org/wiki/Carly_Pearce,Found,,,,,,,,,,,
Charley E. Johns,Charley E. Johns Highway,Multiple Counties,https://en.wikipedia.org/wiki/Charley_E._Johns,Found,,,,,,,,,,,
Coach Jermaine D. Hall,Coach Jermaine D. Hall Memorial Highway,Multiple Counties,Not Found,Not Found,,,,,,,,,,,
Correctional Officers,Correctional Officers Memorial Highway,Multiple Counties,https://en.wikipedia.org/wiki/Correctional_Service_of_Canada,Found,,,,,,,,,,,
Ed Fraser,Ed Fraser Memorial Highway,Multiple Counties,https://en.wikipedia.org/wiki/Elizabeth_Fraser,Found,,,,,,,,,,,
Hinely Parker,Hinely Parker Highway,Multiple Counties,https://en.wikipedia.org/wiki/Charlie_Parker,Found,,,,,,,,,,,
Pearl Harbor,Pearl Harbor Memorial Highway,Multiple Counties,https://en.wikipedia.org/wiki/Pearl_Harbor,Found,,,,,,,,,,,
Thomas J. Shave,"Thomas J. Shave, Jr., Bridge",Nassau,Not Found,Not Found,,,,,,,,,,,
Trooper Charles W. Parks,Trooper Charles W. Parks Memorial Highway,Nassau,Not Found,Not Found,,,,,,,,,,,
Verna Bell,Verna Bell Way,Nassau,https://en.wikipedia.org/wiki/La_Verna,Found,,,,,,,,,,,
Frank Thomas McMeekin,Frank Thomas McMeekin Highway,Putnam,Not Found,Not Found,,,,,,,,,,,
Jerome A. Williams,Jerome A. Williams Memorial Highway,Putnam,https://en.wikipedia.org/wiki/Jerome_Williams,Found,,,,,,,,,,,
John W. Campbell,John W. Campbell Highway,Putnam,https://en.wikipedia.org/wiki/John_W._Campbell,Found,,,,,,,,,,,
Alvin C. Shands,Alvin C. Shands Bridge,St. Johns,Not Found,Not Found,,,,,,,,,,,
Claude Varn,Claude Varn Bridge,St. Johns,Not Found,Not Found,,,,,,,,,,,
F. Charles Usina,F. Charles Usina Memorial Highway,St. Johns,Not Found,Not Found,,,,,,,,,,,
Ron Parker,Ron Parker Boulevard,St. Johns,https://en.wikipedia.org/wiki/Ron_Parker,Found,,,,,,,,,,,
Verle Allyn Pope,Verle Allyn Pope Bridge,St. Johns,https://en.wikipedia.org/wiki/Verle_A._Pope,Found,,,,,,,,,,,
MacDonald,"Deputy Victor J. 'Skip' MacDonald, Jr. Memorial Highway",Taylor,https://en.wikipedia.org/wiki/MacDonald,Found,,,,,,,,,,,
Trooper Charles Eugene Campbell,Trooper Charles Eugene Campbell Memorial Highway,Taylor,Not Found,Not Found,,,,,,,,,,,
Correction Officers,Correction Officers Memorial Bridge,Union,https://en.wikipedia.org/wiki/Massachusetts_Department_of_Correction,Found,,,,,,,,,,,
Renee Danell Azure,Deputy Renee Danell Azure Memorial Highway,Union,Not Found,Not Found,,,,,,,,,,,
B. V. Buchanan,B. V. Buchanan Bridge,Bay,https://en.wikipedia.org/wiki/Buchanan_v._Warley,Found,,,,,,,,,,,
Charles M. Parker,Charles M. Parker Bridge,Bay,https://en.wikipedia.org/wiki/John_M._Parker,Found,,,,,,,,,,,
K. Earl Durden,K. Earl Durden Highway,Bay,Not Found,Not Found,,,,,,,,,,,
"Carl John Luksic, USAF","Lieutenant Colonel Carl John Luksic, USAF, Memorial Highway",Bay,Not Found,Not Found,,,,,,,,,,,
Bayou Chico,Bayou Chico Bridge,Escambia,Not Found,Not Found,,,,,,,,,,,
Don Sutton,Don Sutton Memorial Highway,Escambia,https://en.wikipedia.org/wiki/Don_Sutton,Found,,,,,,,,,,,
Phillip A. Payne,Dr. Phillip A. Payne Bridge,Escambia,Not Found,Not Found,,,,,,,,,,,
Gulf Gateway,Gulf Gateway Bridge,Escambia,https://en.wikipedia.org/wiki/Gulf_Gateway_Deepwater_Port,Found,,,,,,,,,,,
J. McHenry Jones,J. McHenry Jones Bridge,Escambia,https://en.wikipedia.org/wiki/J._McHenry_Jones,Found,,,,,,,,,,,
Joyce Webb Nobles,Joyce Webb Nobles Bridge,Escambia,Not Found,Not Found,,,,,,,,,,,
Robert L. F. Sikes,Robert L. F. Sikes Bridge,Escambia,https://en.wikipedia.org/wiki/Robert_L._F._Sikes,Found,,,,,,,,,,,
The David Bogan,The David Bogan Bridge,Escambia,Not Found,Not Found,,,,,,,,,,,
Bryant Grady Patton,Bryant Grady Patton Bridge,Franklin,Not Found,Not Found,,,,,,,,,,,
Camp Gordon Johnston Mem,Camp Gordon Johnston Mem Highway,Franklin,Not Found,Not Found,,,,,,,,,,,
E. N. Walker,E. N. Walker Bridge,Franklin,https://en.wikipedia.org/wiki/Lenore_E._Walker,Found,,,,,,,,,,,
R. L. Moore,R. L. Moore Bridge,Franklin,https://en.wikipedia.org/wiki/R._L._Moore,Found,,,,,,,,,,,
Tillie Miller,Tillie Miller Bridge,Franklin,Not Found,Not Found,,,,,,,,,,,
"Alfred Lawson, Jr","Alfred Lawson, Jr., Highway",Gadsden,Not Found,Not Found,,,,,,,,,,,
Cecil G. Costin,"Cecil G. Costin, Sr., Boulevard",Gulf,Not Found,Not Found,,,,,,,,,,,
George G. Tapper,George G. Tapper Bridge,Gulf,https://en.wikipedia.org/wiki/George_G._Tapper,Found,,,,,,,,,,,
George L. Dickenson,George L. Dickenson Bridge,Holmes,Not Found,Not Found,,,,,,,,,,,
James Riley Paul,James Riley Paul Bridge,Holmes,https://en.wikipedia.org/wiki/James_Whitcomb_Riley,Found,,,,,,,,,,,
Lonnie Weeks,Lonnie Weeks Memorial Highway,Holmes,https://en.wikipedia.org/wiki/Lonnie_Weeks,Found,,,,,,,,,,,
M. M. Andrews,M. M. Andrews Bridge,Holmes,https://en.wikipedia.org/wiki/Justin_M._Andrews,Found,,,,,,,,,,,
West Florida Fuller Warren,West Florida Fuller Warren Bridge,Holmes,Not Found,Not Found,,,,,,,,,,,
Buddy Williams,Buddy Williams Memorial Highway,Jackson,https://en.wikipedia.org/wiki/Buddy_Williams,Found,,,,,,,,,,,
Hamilton Allan Smith,Hamilton Allan Smith Memorial Highway,Jackson,Not Found,Not Found,,,,,,,,,,,
Lester C. Lawrence,Lester C. Lawrence Highway,Jefferson,https://en.wikipedia.org/wiki/Lester_C._Hunt,Found,,,,,,,,,,,
Richard H. Simpson,Richard H. Simpson Highway,Jefferson,https://en.wikipedia.org/wiki/Richard_H._Simpson,Found,,,,,,,,,,,
S. D. Clarke,S. D. Clarke Highway,Jefferson,https://en.wikipedia.org/wiki/S._D._Clarke,Found,,,,,,,,,,,
M. S. Thomas,M. S. Thomas Bridge,Leon,https://en.wikipedia.org/wiki/R._S._Thomas,Found,,,,,,,,,,,
Doolittle Raiders,Doolittle Raiders Highway,Multiple Counties,https://en.wikipedia.org/wiki/Doolittle_Raiders,Found,,,,,,,,,,,
James Gadsden,James Gadsden Highway,Multiple Counties,https://en.wikipedia.org/wiki/James_Gadsden,Found,,,,,,,,,,,
Senator Greg Evers,Senator Greg Evers Memorial Highway,Multiple Counties,https://en.wikipedia.org/wiki/Greg_Evers,Found,,,,,,,,,,,
Air Commando,Air Commando Boulevard,Okaloosa,https://en.wikipedia.org/wiki/Air_Commando,Found,,,,,,,,,,,
C. G. Meigs,C. G. Meigs Bridge,Okaloosa,https://en.wikipedia.org/wiki/Montgomery_C._Meigs,Found,,,,,,,,,,,
Bud Day,Colonel Bud Day Boulevard,Okaloosa,https://en.wikipedia.org/wiki/Bud_Day,Found,,,,,,,,,,,
Danny Wuerffel,Danny Wuerffel Way,Okaloosa,https://en.wikipedia.org/wiki/Danny_Wuerffel,Found,,,,,,,,,,,
Skip York,Deputies Skip York and Burt Lopez Memorial Highway,Okaloosa,https://en.wikipedia.org/wiki/Skip,Found,,,,,,,,,,,
Burt Lopez,Deputies Skip York and Burt Lopez Memorial Highway,Okaloosa,https://en.wikipedia.org/wiki/Burt_Bacharach,Found,,,,,,,,,,,
James W. Lee,James W. Lee Boulevard,Okaloosa,https://en.wikipedia.org/wiki/James_W._Forsyth,Found,,,,,,,,,,,
Jim Franklin,Jim Franklin Highway,Okaloosa,https://en.wikipedia.org/wiki/Jim_Franklin,Found,,,,,,,,,,,
Lewis E. Turner,Lewis E. Turner Boulevard,Okaloosa,Not Found,Not Found,,,,,,,,,,,
Roger J. Clary,Roger J. Clary Highway,Okaloosa,Not Found,Not Found,,,,,,,,,,,
William Nathey,William Nathey Bridge,Okaloosa,Not Found,Not Found,,,,,,,,,,,
William T. Marler,William T. Marler Bridge,Okaloosa,Not Found,Not Found,,,,,,,,,,,
Army Sergeant Daniel L. McCall,Army Sergeant Daniel L. McCall Memorial Highway,Santa Rosa,Not Found,Not Found,,,,,,,,,,,
Whiting Field,Whiting Field Boulevard,Santa Rosa,https://en.wikipedia.org/wiki/Whiting_Field,Found,,,,,,,,,,,
Williard Norris,Williard Norris Highway,Santa Rosa,Not Found,Not Found,,,,,,,,,,,
Angus Morrison,Angus Morrison Memorial Highway,Wakulla,https://en.wikipedia.org/wiki/Angus_Morrison,Found,,,,,,,,,,,
Arthur L. Andrews,Arthur L. Andrews Bridge,Wakulla,https://en.wikipedia.org/wiki/Arthur_L._Andrews,Found,,,,,,,,,,,
Gretchen Evans,Gretchen Evans Memorial Bridge,Wakulla,https://en.wikipedia.org/wiki/Gretchen_Mol,Found,,,,,,,,,,,
Clyde B. Wells,Clyde B. Wells Bridge,Walton,https://en.wikipedia.org/wiki/Clyde_Wells_%28politician%29,Found,,,,,,,,,,,
Olan Rex Ferguson,Olan Rex Ferguson Bridge,Walton,Not Found,Not Found,,,,,,,,,,,
The Beach,The Beach Highway,Walton,https://en.wikipedia.org/wiki/The_Beach,Found,,,,,,,,,,,
Ben G. Watts,Ben G. Watts Highway,Washington,Not Found,Not Found,,,,,,,,,,,
David J. Cook,David J. Cook Memorial Highway,Washington,https://en.wikipedia.org/wiki/David_J._Cook,Found,,,,,,,,,,,
John Creel,John Creel Bridge,Washington,https://en.wikipedia.org/wiki/Gavin_Creel,Found,,,,,,,,,,,
Judge Perry Wells,Judge Perry Wells Highway,Washington,Not Found,Not Found,,,,,,,,,,,
Dave Turner,Dave Turner Bridge,Broward,https://en.wikipedia.org/wiki/Dave_Turner,Found,,,,,,,,,,,
Ryan Sequin,Deputy Ryan Sequin Memorial Highway,Broward,Not Found,Not Found,,,,,,,,,,,
"E. Clay Shaw, Jr","E. Clay Shaw, Jr., Bridge",Broward,Not Found,Not Found,,,,,,,,,,,
J. D. Butler,J. D. Butler Bridge,Broward,https://en.wikipedia.org/wiki/D._J._Butler,Found,,,,,,,,,,,
Pembroke Park,Pembroke Park Boulevard,Broward,https://en.wikipedia.org/wiki/Pembroke_Park,Found,,,,,,,,,,,
S. C. Fox,S. C. Fox Memorial Bridge,Broward,Not Found,Not Found,,,,,,,,,,,
The Barefoot Mailman,The Barefoot Mailman Memorial Bridge,Broward,https://en.wikipedia.org/wiki/The_Barefoot_Mailman,Found,,,,,,,,,,,
Trooper Donald Earl Jennings,Trooper Donald Earl Jennings Highway,Broward,Not Found,Not Found,,,,,,,,,,,
Trooper Stephen G. Rouse,Trooper Stephen G. Rouse Memorial Highway,Broward,Not Found,Not Found,,,,,,,,,,,
West Park,West Park Boulevard,Broward,https://en.wikipedia.org/wiki/West_Park,Found,,,,,,,,,,,
Alma Lee Loy,Alma Lee Loy Bridge,Indian River,Not Found,Not Found,,,,,,,,,,,
James H. Pruitt,James H. Pruitt Memorial Bridge,Indian River,https://en.wikipedia.org/wiki/James_H._Pruitt,Found,,,,,,,,,,,
Merrill P. Barber,Merrill P. Barber Bridge,Indian River,https://en.wikipedia.org/wiki/Merrill_P._Barber,Found,,,,,,,,,,,
Richard Raczkoski,Richard Raczkoski Memorial Highway,Indian River,Not Found,Not Found,,,,,,,,,,,
Robert C. Spillman,Robert C. Spillman Memorial Highway,Indian River,Not Found,Not Found,,,,,,,,,,,
Robert W. Graves,Robert W. Graves Bridge,Indian River,https://en.wikipedia.org/wiki/Robert_Graves,Found,,,,,,,,,,,
A. O. Kanner,A. O. Kanner Highway,Martin,Not Found,Not Found,,,,,,,,,,,
Big John Monahan,Big John Monahan Bridge,Martin,Not Found,Not Found,,,,,,,,,,,
Ernest F. Lyons,Ernest F. Lyons Bridge,Martin,Not Found,Not Found,,,,,,,,,,,
"Evans Crary, Sr","Evans Crary, Sr., Bridge",Martin,Not Found,Not Found,,,,,,,,,,,
Frank A. Wacha,Frank A. Wacha Bridge,Martin,Not Found,Not Found,,,,,,,,,,,
Palm City,Palm City Bridge,Martin,https://en.wikipedia.org/wiki/Palm_City,Found,,,,,,,,,,,
Dan McCarty,Dan McCarty Memorial Highway,Multiple Counties,https://en.wikipedia.org/wiki/Dan_McCarty,Found,,,,,,,,,,,
Stan Mayfield,Stan Mayfield Memorial Highway,Multiple Counties,https://en.wikipedia.org/wiki/Stan_Mayfield,Found,,,,,,,,,,,
Thomas E. Will,Thomas E. Will Memorial Highway,Multiple Counties,https://en.wikipedia.org/wiki/Thomas_E._Dewey,Found,,,,,,,,,,,
Ben Sunday,Ben Sunday Memorial Highway,Palm Beach,https://en.wikipedia.org/wiki/Ben_Ferguson,Found,,,,,,,,,,,
Carlin White,Carlin White Bridge,Palm Beach,https://en.wikipedia.org/wiki/George_Carlin,Found,,,,,,,,,,,
Glynn Mayo,Glynn Mayo Highway,Palm Beach,https://en.wikipedia.org/wiki/Jack_Glynn,Found,,,,,,,,,,,
Haven M. Ashe,Haven M. Ashe Bridge,Palm Beach,Not Found,Not Found,,,,,,,,,,,
Jack L. Saunders,Jack L. Saunders Bridge,Palm Beach,Not Found,Not Found,,,,,,,,,,,
Jerry Thomas,Jerry Thomas Memorial Bridge,Palm Beach,https://en.wikipedia.org/wiki/Jerry_Thomas,Found,,,,,,,,,,,
L. E. Buie,L. E. Buie Memorial Bridge,Palm Beach,Not Found,Not Found,,,,,,,,,,,
North Ocean,North Ocean Boulevard,Palm Beach,https://en.wikipedia.org/wiki/Atlantic_Ocean,Found,,,,,,,,,,,
Richard Jason Randolph,Richard Jason Randolph Memorial Bridge,Palm Beach,Not Found,Not Found,,,,,,,,,,,
Robert A. Harris,Robert A. Harris Bridge,Palm Beach,https://en.wikipedia.org/wiki/Robert_A._Harris,Found,,,,,,,,,,,
Peter P. Cobb,Peter P. Cobb Bridge,St. Lucie,Not Found,Not Found,,,,,,,,,,,
C. Sweet Smith,C. Sweet Smith Memorial Highway,Brevard,https://en.wikipedia.org/wiki/Thaddeus_C._Sweet,Found,,,,,,,,,,,
W. J. Creel,Dr. W. J. Creel Bridge,Brevard,Not Found,Not Found,,,,,,,,,,,
Ernest Kouwen‐Hoven,Ernest Kouwen‐Hoven Bridge,Brevard,https://en.wikipedia.org/wiki/Ernest_Kouwen-Hoven,Found,,,,,,,,,,,
Hubert Humphrey,Hubert Humphrey Bridge,Brevard,https://en.wikipedia.org/wiki/Hubert_Humphrey,Found,,,,,,,,,,,
Max K. Rodes,Max K. Rodes Bridge and Causeway,Brevard,Not Found,Not Found,,,,,,,,,,,
Sergeant Robert Daniel Sanchez,U.S. Army Sergeant Robert Daniel Sanchez Memorial Highway,Brevard,Not Found,Not Found,,,,,,,,,,,
U.S. Marine Corps Corporal Dustin Schrage,U.S. Marine Corps Corporal Dustin Schrage Highway,Brevard,Not Found,Not Found,,,,,,,,,,,
Willard Peebles,Willard Peebles Bridge,Brevard,Not Found,Not Found,,,,,,,,,,,
A. Slater Cox,A. Slater Cox Bridge,Lake,Not Found,Not Found,,,,,,,,,,,
Wayne Koester,Deputy Wayne Koester Memorial Highway,Lake,Not Found,Not Found,,,,,,,,,,,
Johnny C. Treadwell,Johnny C. Treadwell Memorial Highway,Lake,https://en.wikipedia.org/wiki/Johnny_Treadwell,Found,,,,,,,,,,,
Claude A. Gnann,Major Claude A. Gnann Memorial Highway,Lake,Not Found,Not Found,,,,,,,,,,,
McTureous,"Private Robert M. McTureous, Jr., U.S.M.C., Medal of Honor Memorial Highway",Lake,https://en.wikipedia.org/wiki/Robert_M._McTureous_Jr.,Found,,,,,,,,,,,
Sgt. Frederico G. Borjas,Sgt. Frederico G. Borjas Memorial Highway,Lake,Not Found,Not Found,,,,,,,,,,,
Angela Simone Santos,Angela Simone Santos Memorial Highway,Marion,Not Found,Not Found,,,,,,,,,,,
Bernard Castro,Bernard Castro Memorial Highway,Marion,https://en.wikipedia.org/wiki/Bernard_Castro,Found,,,,,,,,,,,
John M. Haile,Dr. John M. Haile Memorial Boulevard,Marion,Not Found,Not Found,,,,,,,,,,,
James C. Cunningham,James C. Cunningham Memorial Highway,Marion,https://en.wikipedia.org/wiki/James_C._Cunningham,Found,,,,,,,,,,,
Jane Yongue Wood,Jane Yongue Wood Memorial Highway,Marion,Not Found,Not Found,,,,,,,,,,,
Judge William T. Swigert,Judge William T. Swigert Bridge,Marion,Not Found,Not Found,,,,,,,,,,,
Leon B. Thrasher,Leon B. Thrasher Highway,Marion,Not Found,Not Found,,,,,,,,,,,
Robert T. Heagy,"Lt. Colonel Robert T. Heagy, Jr., Memorial Highway",Marion,Not Found,Not Found,,,,,,,,,,,
Mike Stavola,Mike Stavola Highway,Marion,https://en.wikipedia.org/wiki/Mike_Alexander_%28racing_driver%29,Found,,,,,,,,,,,
Nathan Mayo,Nathan Mayo Highway,Marion,https://en.wikipedia.org/wiki/Nathan_Mayo,Found,,,,,,,,,,,
Otis Beckford,Otis Beckford Memorial Highway,Marion,Not Found,Not Found,,,,,,,,,,,
Rainbow Springs,Rainbow Springs Boulevard,Marion,https://en.wikipedia.org/wiki/Rainbow_Springs,Found,,,,,,,,,,,
"Reverend Frank George Pinkston, Sr","Reverend Frank George Pinkston, Sr., Memorial Highway",Marion,Not Found,Not Found,,,,,,,,,,,
Wallace E. Sturgis,Wallace E. Sturgis Memorial Highway,Marion,https://en.wikipedia.org/wiki/Wallace_E._Sturgis,Found,,,,,,,,,,,
Willard Ayres,Willard Ayres Bridge,Marion,https://en.wikipedia.org/wiki/Leonard_Porter_Ayres,Found,,,,,,,,,,,
William Hamilton Rutherford,William Hamilton Rutherford Memorial Highway,Marion,https://en.wikipedia.org/wiki/Archibald_Hamilton_Rutherford,Found,,,,,,,,,,,
William V. Chappell,"William V. Chappell, Jr. Memorial Highway",Marion,https://en.wikipedia.org/wiki/William_V._Chappell,Found,,,,,,,,,,,
Campbell Thornal,Campbell Thornal Highway,Multiple Counties,https://en.wikipedia.org/wiki/B._Campbell_Thornal,Found,,,,,,,,,,,
Carl G. Rose,Carl G. Rose Highway,Multiple Counties,Not Found,Not Found,,,,,,,,,,,
Central Florida Greene,Central Florida GreeneWay,Multiple Counties,https://en.wikipedia.org/wiki/Central_Florida,Found,,,,,,,,,,,
Dana F. Fuquay,Dana F. Fuquay Boulevard,Multiple Counties,Not Found,Not Found,,,,,,,,,,,
Francis L. Dade,Francis L. Dade Memorial Highway,Multiple Counties,https://en.wikipedia.org/wiki/Francis_L._Dade,Found,,,,,,,,,,,
Howard E. Futch,Howard E. Futch Memorial Highway,Multiple Counties,Not Found,Not Found,,,,,,,,,,,
Irlo Bronson,Irlo Bronson Memorial Highway,Multiple Counties,https://en.wikipedia.org/wiki/Irlo_Bronson,Found,,,,,,,,,,,
Kennedy Space Center,Kennedy Space Center Highway,Multiple Counties,https://en.wikipedia.org/wiki/Kennedy_Space_Center,Found,,,,,,,,,,,
Rosa Parks,Rosa Parks Memorial Highway,Multiple Counties,https://en.wikipedia.org/wiki/Rosa_Parks,Found,,,,,,,,,,,
Sanlando Springs,Sanlando Springs Drive,Multiple Counties,https://en.wikipedia.org/wiki/Sanlando_Springs,Found,,,,,,,,,,,
Anelie Cadet,Anelie Cadet Way,Orange,Not Found,Not Found,,,,,,,,,,,
"Edward Daniel Davis, Sr","Edward Daniel Davis, Sr., Memorial Highway",Orange,Not Found,Not Found,,,,,,,,,,,
Fred N. Dunn,"Fred N. Dunn, Sr. Highway",Orange,Not Found,Not Found,,,,,,,,,,,
Martin L. King,"Martin L. King, Jr., Drive",Orange,https://en.wikipedia.org/wiki/Martin_L._King,Found,,,,,,,,,,,
William B. McGee,William B. McGee Highway,Orange,https://en.wikipedia.org/wiki/William_John_McGee,Found,,,,,,,,,,,
Robert Guevara,Robert Guevara Memorial Highway,Osceola,https://en.wikipedia.org/wiki/Che_Guevara,Found,,,,,,,,,,,
Hamilton Disston,Hamilton Disston Bridge,Polk,https://en.wikipedia.org/wiki/Hamilton_Disston,Found,,,,,,,,,,,
George C. Means,George C. Means Memorial Bridge,Seminole,https://en.wikipedia.org/wiki/George_C._Eltenton,Found,,,,,,,,,,,
Sidney O. Chase,"Sidney O. Chase, Jr. Overpass",Seminole,Not Found,Not Found,,,,,,,,,,,
William A. Kratzert,"William A. Kratzert, Sr. Highway",Seminole,Not Found,Not Found,,,,,,,,,,,
W. H. Boswell,W. H. Boswell Bridge,Sumter,Not Found,Not Found,,,,,,,,,,,
Amos Walter Atchley,Amos Walter Atchley Memorial Highway,Volusia,Not Found,Not Found,,,,,,,,,,,
Charles W. Cherry,"Charles W. Cherry, Sr., Parkway",Volusia,Not Found,Not Found,,,,,,,,,,,
Clyde Hart,Clyde Hart Highway,Volusia,https://en.wikipedia.org/wiki/Clyde_Hart,Found,,,,,,,,,,,
Williamm V. Chappell,"Congressman Williamm V. Chappell, Jr. Memorial Bridge",Volusia,Not Found,Not Found,,,,,,,,,,,
Douglas Stenstrom,Douglas Stenstrom Bridge,Volusia,https://en.wikipedia.org/wiki/Douglas_Stenstrom,Found,,,,,,,,,,,
George Musson,George Musson Memorial Bridge,Volusia,https://en.wikipedia.org/wiki/George_Gund_II,Found,,,,,,,,,,,
Harris M. Saxon,Harris M. Saxon Bridge,Volusia,Not Found,Not Found,,,,,,,,,,,
International Speedway,International Speedway Boulevard,Volusia,https://en.wikipedia.org/wiki/International_Speedway,Found,,,,,,,,,,,
Kevin John Fischer,Kevin John Fischer Memorial Highway,Volusia,Not Found,Not Found,,,,,,,,,,,
Leonard B. Knox,Leonard B. Knox Bridge,Volusia,https://en.wikipedia.org/wiki/Wilmore_B._Leonard,Found,,,,,,,,,,,
POW‐MIA Rose Bay,POW‐MIA Rose Bay Bridges,Volusia,Not Found,Not Found,,,,,,,,,,,
Robert F. Grim,"Robert F. Grim, Sr., Memorial Parkway",Volusia,Not Found,Not Found,,,,,,,,,,,
Trooper Darryl Haywood,Trooper Darryl Haywood Highway,Volusia,Not Found,Not Found,,,,,,,,,,,
A.B. Martin,A.B. Martin Street,Miami‐Dade,https://en.wikipedia.org/wiki/Martin_B-10,Found,,,,,,,,,,,
Aleida Leal,Aleida Leal Way,Miami‐Dade,Not Found,Not Found,,,,,,,,,,,
Alexandre Petion,Alexandre Petion Boulevard,Miami‐Dade,https://en.wikipedia.org/wiki/Alexandre_Petion,Found,,,,,,,,,,,
Ambassador Armando Valladares,Ambassador Armando Valladares Drive,Miami‐Dade,https://en.wikipedia.org/wiki/Armando_Valladares,Found,,,,,,,,,,,
American Bankers,American Bankers Drive,Miami‐Dade,https://en.wikipedia.org/wiki/American_Bankers_Association,Found,,,,,,,,,,,
Angel Manuel De La Portilla,Angel Manuel De La Portilla Way,Miami‐Dade,https://en.wikipedia.org/wiki/Alex_D%C3%ADaz_de_la_Portilla,Found,,,,,,,,,,,
Anne Ackerman,Anne Ackerman Boulevard,Miami‐Dade,https://en.wikipedia.org/wiki/Anne_Ackerman,Found,,,,,,,,,,,
Anthony J. Perez,Anthony J. Perez Street,Miami‐Dade,Not Found,Not Found,,,,,,,,,,,
Arnold M. Velazquez,Arnold M. Velazquez Boulevard,Miami‐Dade,Not Found,Not Found,,,,,,,,,,,
Arthur Mays,Arthur Mays Boulevard,Miami‐Dade,https://en.wikipedia.org/wiki/Daniel_Mays,Found,,,,,,,,,,,
Athalie Range,Athalie Range Boulevard,Miami‐Dade,https://en.wikipedia.org/wiki/Athalie_Range,Found,,,,,,,,,,,
Benjamin Leon,Benjamin Leon Way,Miami‐Dade,https://en.wikipedia.org/wiki/Benjamin_Leon,Found,,,,,,,,,,,
"Benjamin Leon, Jr","Benjamin Leon, Jr., Way",Miami‐Dade,Not Found,Not Found,,,,,,,,,,,
Bill Seidle,Bill Seidle Boulevard,Miami‐Dade,Not Found,Not Found,,,,,,,,,,,
Billy Kemp,Billy Kemp Boulevard,Miami‐Dade,https://en.wikipedia.org/wiki/Gary_Kemp,Found,,,,,,,,,,,
Bird Road State Historic,Bird Road State Historic Highway,Miami‐Dade,Not Found,Not Found,,,,,,,,,,,
Biscayne Park,Biscayne Park Way,Miami‐Dade,https://en.wikipedia.org/wiki/Biscayne_Park,Found,,,,,,,,,,,
Bishop Victor Tyrone Curry,Bishop Victor Tyrone Curry Boulevard,Miami‐Dade,Not Found,Not Found,,,,,,,,,,,
Bob Arbetter's,Bob Arbetter's Way,Miami‐Dade,Not Found,Not Found,,,,,,,,,,,
Calle Ocho State Historic,Calle Ocho State Historic Highway,Miami‐Dade,Not Found,Not Found,,,,,,,,,,,
Carlos Arboleya,Carlos Arboleya Boulevard,Miami‐Dade,https://en.wikipedia.org/wiki/Carlos_Arboleya,Found,,,,,,,,,,,
Carlos C. Lopez‐Aguiar,Carlos C. Lopez‐Aguiar Way,Miami‐Dade,Not Found,Not Found,,,,,,,,,,,
Carrie P. Meek,Carrie P. Meek Boulevard,Miami‐Dade,https://en.wikipedia.org/wiki/Carrie_P._Meek,Found,,,,,,,,,,,
Cesar Calas,Cesar Calas Memorial Highway,Miami‐Dade,Not Found,Not Found,,,,,,,,,,,
Charles Summer,Charles Summer Boulevard,Miami‐Dade,https://en.wikipedia.org/wiki/Charles_Sumner_Tainter,Found,,,,,,,,,,,
Coral Way State Historic,Coral Way State Historic Highway,Miami‐Dade,https://en.wikipedia.org/wiki/Coral_Way,Found,,,,,,,,,,,
Cutler Bay,Cutler Bay Boulevard,Miami‐Dade,https://en.wikipedia.org/wiki/Cutler_Bay,Found,,,,,,,,,,,
Daniel D. Diefenbach,Daniel D. Diefenbach Bridge,Miami‐Dade,Not Found,Not Found,,,,,,,,,,,
"Dewey Knight, Jr","Dewey Knight, Jr., Memorial Highway",Miami‐Dade,Not Found,Not Found,,,,,,,,,,,
"Armando Bucelo, Sr","Dr. Armando Bucelo, Sr., Way",Miami‐Dade,Not Found,Not Found,,,,,,,,,,,
Jose A. Marques,Dr. Jose A. Marques Boulevard,Miami‐Dade,Not Found,Not Found,,,,,,,,,,,
Leonard Cherdack,Dr. Leonard Cherdack Memorial Highway,Miami‐Dade,Not Found,Not Found,,,,,,,,,,,
Oscar Elias Biscet,Dr. Oscar Elias Biscet Boulevard,Miami‐Dade,https://en.wikipedia.org/wiki/Oscar_Elias_Biscet,Found,,,,,,,,,,,
Vicente Grau‐Imperatori,Dr. Vicente Grau‐Imperatori Street,Miami‐Dade,Not Found,Not Found,,,,,,,,,,,
Elaine Gordon,Elaine Gordon Highway,Miami‐Dade,https://en.wikipedia.org/wiki/Elaine_Gordon,Found,,,,,,,,,,,
Emilio Ochoa,Emilio Ochoa Boulevard,Miami‐Dade,https://en.wikipedia.org/wiki/Emilio_Ochoa,Found,,,,,,,,,,,
Ernesto Montaner,Ernesto Montaner Memorial Way,Miami‐Dade,https://en.wikipedia.org/wiki/Rita_Montaner,Found,,,,,,,,,,,
Essie Silva,Essie Silva Way,Miami‐Dade,Not Found,Not Found,,,,,,,,,,,
Estrella Rubio,Estrella Rubio Way,Miami‐Dade,https://en.wikipedia.org/wiki/Mar%C3%ADa_Rubio,Found,,,,,,,,,,,
Ethel Beckford,Ethel Beckford Boulevard,Miami‐Dade,Not Found,Not Found,,,,,,,,,,,
Father Gerard Jean‐Juste,Father Gerard Jean‐Juste Street,Miami‐Dade,Not Found,Not Found,,,,,,,,,,,
Felipe Valls,Felipe Valls Way,Miami‐Dade,Not Found,Not Found,,,,,,,,,,,
Frank Pasquarella,Frank Pasquarella Way,Miami‐Dade,Not Found,Not Found,,,,,,,,,,,
Frederick Douglass,Frederick Douglass Boulevard,Miami‐Dade,https://en.wikipedia.org/wiki/Frederick_Douglass,Found,,,,,,,,,,,
George Gill,George Gill Boulevard,Miami‐Dade,https://en.wikipedia.org/wiki/George_Gill,Found,,,,,,,,,,,
Gwen Cherry,Gwen Cherry Highway,Miami‐Dade,https://en.wikipedia.org/wiki/Gwen_Cherry,Found,,,,,,,,,,,
Henri Levy,Henri Levy Boulevard,Miami‐Dade,Not Found,Not Found,,,,,,,,,,,
Historic Biscayne,Historic Biscayne Boulevard: Gateway to Miami,Miami‐Dade,https://en.wikipedia.org/wiki/Biscayne_National_Park,Found,,,,,,,,,,,
"Honorable Robert B. Ingram, Ph.D","Honorable Robert B. Ingram, Ph.D., Boulevard",Miami‐Dade,Not Found,Not Found,,,,,,,,,,,
Hugh Anderson,Hugh Anderson Boulevard,Miami‐Dade,https://en.wikipedia.org/wiki/Hugh_Anderson,Found,,,,,,,,,,,
Jean‐Jacques Dessalines,Jean‐Jacques Dessalines Boulevard,Miami‐Dade,https://en.wikipedia.org/wiki/Jean-Jacques_Dessalines,Found,,,,,,,,,,,
"Jefferson Reaves, Sr","Jefferson Reaves, Sr., Boulevard",Miami‐Dade,Not Found,Not Found,,,,,,,,,,,
Jerry Underwood,Jerry Underwood Memorial Highway,Miami‐Dade,https://en.wikipedia.org/wiki/Jerry_O%27Connell,Found,,,,,,,,,,,
Jim Mandich,Jim Mandich Memorial Highway,Miami‐Dade,https://en.wikipedia.org/wiki/Jim_Mandich,Found,,,,,,,,,,,
John F. Cosgrove,John F. Cosgrove Highway,Miami‐Dade,https://en.wikipedia.org/wiki/John_F._Cosgrove,Found,,,,,,,,,,,
John H. Levi,John H. Levi Highway,Miami‐Dade,https://en.wikipedia.org/wiki/Edward_H._Levi,Found,,,,,,,,,,,
John I. Smith,John I. Smith Boulevard,Miami‐Dade,https://en.wikipedia.org/wiki/John_Smith_%28explorer%29,Found,,,,,,,,,,,
John J. Brunettie,"John J. Brunettie, Sr., Avenue",Miami‐Dade,Not Found,Not Found,,,,,,,,,,,
Jorge L. Cabrera,Jorge L. Cabrera Way,Miami‐Dade,Not Found,Not Found,,,,,,,,,,,
Jorge Mas Canosa,Jorge Mas Canosa Boulevard,Miami‐Dade,https://en.wikipedia.org/wiki/Jorge_Mas_Canosa,Found,,,,,,,,,,,
Judge Steve Levine,Judge Steve Levine Boulevard,Miami‐Dade,Not Found,Not Found,,,,,,,,,,,
Wilkie D. Ferguson,"Judge Wilkie D. Ferguson, Jr. Boulevard",Miami‐Dade,https://en.wikipedia.org/wiki/Wilkie_D._Ferguson,Found,,,,,,,,,,,
Judy Drucker,Judy Drucker Boulevard,Miami‐Dade,Not Found,Not Found,,,,,,,,,,,
Julia Tuttle,Julia Tuttle Way,Miami‐Dade,https://en.wikipedia.org/wiki/Julia_Tuttle,Found,,,,,,,,,,,
Killian Drive State Historic,Killian Drive State Historic Highway,Miami‐Dade,Not Found,Not Found,,,,,,,,,,,
Lolo Villalobos,Lolo Villalobos Way,Miami‐Dade,https://en.wikipedia.org/wiki/Lolo_Villalobos,Found,,,,,,,,,,,
Loring P. Evans,Loring P. Evans Memorial Boulevard,Miami‐Dade,Not Found,Not Found,,,,,,,,,,,
Lourdes P. Aguila,Lourdes P. Aguila Street,Miami‐Dade,Not Found,Not Found,,,,,,,,,,,
Lt. Colonel Charles Brown,Lt. Colonel Charles Brown Memorial Highway,Miami‐Dade,Not Found,Not Found,,,,,,,,,,,
Luis Conte Aguero,Luis Conte Aguero Way,Miami‐Dade,Not Found,Not Found,,,,,,,,,,,
Maestro Luis Casas Romero,Maestro Luis Casas Romero Way,Miami‐Dade,Not Found,Not Found,,,,,,,,,,,
Manny Añon,Manny Añon Memorial Boulevard,Miami‐Dade,Not Found,Not Found,,,,,,,,,,,
Manolo Reyes,Manolo Reyes Way,Miami‐Dade,https://en.wikipedia.org/wiki/Manolo_Reyes,Found,,,,,,,,,,,
Manuel Capo,Manuel Capo Boulevard,Miami‐Dade,https://en.wikipedia.org/wiki/Richard_Manuel,Found,,,,,,,,,,,
Marilyn Culp,Marilyn Culp Way,Miami‐Dade,https://en.wikipedia.org/wiki/Steven_Culp,Found,,,,,,,,,,,
Marjory Stoneman Douglas Sunset,Marjory Stoneman Douglas Sunset Drive,Miami‐Dade,Not Found,Not Found,,,,,,,,,,,
Martha Flores,Martha Flores Way,Miami‐Dade,https://en.wikipedia.org/wiki/Flores_%28surname%29,Found,,,,,,,,,,,
Mary Ellen Miller,Mary Ellen Miller Way,Miami‐Dade,https://en.wikipedia.org/wiki/Mary_Ellen_Miller,Found,,,,,,,,,,,
Maurice Rosen,Maurice Rosen Boulevard,Miami‐Dade,https://en.wikipedia.org/wiki/Rote_Rosen,Found,,,,,,,,,,,
Miami Medical Team,Miami Medical Team Way,Miami‐Dade,https://en.wikipedia.org/wiki/Miami_Medical,Found,,,,,,,,,,,
Milton Littman,Milton Littman Memorial Bridge,Miami‐Dade,Not Found,Not Found,,,,,,,,,,,
Miss Lillie Williams,Miss Lillie Williams Boulevard,Miami‐Dade,Not Found,Not Found,,,,,,,,,,,
Mrs. Ann Carlton,Mrs. Ann Carlton Bridge,Miami‐Dade,Not Found,Not Found,,,,,,,,,,,
MSgt. Benjamin Strickland,MSgt. Benjamin Strickland Highway,Miami‐Dade,Not Found,Not Found,,,,,,,,,,,
Natan R. Rok,Natan R. Rok Boulevard,Miami‐Dade,Not Found,Not Found,,,,,,,,,,,
Norman Giller,Norman Giller Bridge,Miami‐Dade,https://en.wikipedia.org/wiki/Norman_Giller,Found,,,,,,,,,,,
North Miami Beach,North Miami Beach Boulevard,Miami‐Dade,https://en.wikipedia.org/wiki/North_Miami_Beach,Found,,,,,,,,,,,
Ofelia Perez‐Roura,Ofelia Perez‐Roura Memorial Way,Miami‐Dade,Not Found,Not Found,,,,,,,,,,,
Olga Guillot,Olga Guillot Way,Miami‐Dade,https://en.wikipedia.org/wiki/Olga_Guillot,Found,,,,,,,,,,,
Orange Bowl,Orange Bowl Way,Miami‐Dade,https://en.wikipedia.org/wiki/Orange_Bowl,Found,,,,,,,,,,,
Palmetto Bay,Palmetto Bay Boulevard,Miami‐Dade,https://en.wikipedia.org/wiki/Palmetto_Bay,Found,,,,,,,,,,,
Phicol Williams,Phicol Williams Boulevard,Miami‐Dade,Not Found,Not Found,,,,,,,,,,,
Rafael Diaz-Balart,Rafael Diaz-Balart Way,Miami‐Dade,https://en.wikipedia.org/wiki/Rafael_Diaz-Balart,Found,,,,,,,,,,,
Ramon Puig,Ramon Puig Way,Miami‐Dade,https://en.wikipedia.org/wiki/Ramon_Puig,Found,,,,,,,,,,,
Red Road State Historic,Red Road State Historic Highway,Miami‐Dade,Not Found,Not Found,,,,,,,,,,,
Jorge Comesanas,Rev. Jorge Comesanas Way,Miami‐Dade,https://en.wikipedia.org/wiki/Jorge_Bava,Found,,,,,,,,,,,
"Reverend Dr. C.P. Preston, Jr","Reverend Dr. C.P. Preston, Jr. Street",Miami‐Dade,Not Found,Not Found,,,,,,,,,,,
Reverend Samuel Atchison,Reverend Samuel Atchison Boulevard,Miami‐Dade,Not Found,Not Found,,,,,,,,,,,
Ricardo Karakadze,Ricardo Karakadze Street,Miami‐Dade,Not Found,Not Found,,,,,,,,,,,
Rick Ricciardelli,Rick Ricciardelli Bridge,Miami‐Dade,Not Found,Not Found,,,,,,,,,,,
Robert Frost,Robert Frost Highway,Miami‐Dade,https://en.wikipedia.org/wiki/Robert_Frost,Found,,,,,,,,,,,
Robert L. Blum,Robert L. Blum Bridge,Miami‐Dade,Not Found,Not Found,,,,,,,,,,,
Roi Henri Christophe,Roi Henri Christophe Boulevard,Miami‐Dade,https://en.wikipedia.org/wiki/Universit%C3%A9_d%27%C3%89tat_d%27Ha%C3%AFti%2C_Campus_Henri_Christophe_de_Limonade,Found,,,,,,,,,,,
Roy F. Kenzie,Roy F. Kenzie Bridge,Miami‐Dade,Not Found,Not Found,,,,,,,,,,,
Saint Marcellin Champagnat,Saint Marcellin Champagnat Way,Miami‐Dade,https://en.wikipedia.org/wiki/Saint_Marcellin_Champagnat,Found,,,,,,,,,,,
Senator Ruben Mendiola,Senator Ruben Mendiola Way,Miami‐Dade,Not Found,Not Found,,,,,,,,,,,
Senator Sherman Winn,Senator Sherman Winn Bridge,Miami‐Dade,https://en.wikipedia.org/wiki/Sherman_S._Winn,Found,,,,,,,,,,,
Shawn O'Dare,Shawn O'Dare Way,Miami‐Dade,Not Found,Not Found,,,,,,,,,,,
Sidney Alterman,Sidney Alterman Way,Miami‐Dade,Not Found,Not Found,,,,,,,,,,,
Sigmund Zilber,Sigmund Zilber Memorial Highway,Miami‐Dade,Not Found,Not Found,,,,,,,,,,,
South Bayshore Drive Historic,South Bayshore Drive Historic Highway,Miami‐Dade,Not Found,Not Found,,,,,,,,,,,
South Miami Avenue Historic,South Miami Avenue Historic Highway,Miami‐Dade,Not Found,Not Found,,,,,,,,,,,
Steve Mainster,Steve Mainster Memorial Drive,Miami‐Dade,Not Found,Not Found,,,,,,,,,,,
Steven Cranman,Steven Cranman Boulevard,Miami‐Dade,Not Found,Not Found,,,,,,,,,,,
Sunny Isles,Sunny Isles Boulevard,Miami‐Dade,https://en.wikipedia.org/wiki/Sunny_Isles,Found,,,,,,,,,,,
Sunset Drive State Historic,Sunset Drive State Historic Highway,Miami‐Dade,Not Found,Not Found,,,,,,,,,,,
Tanya Martin Oubre Pekel,Tanya Martin Oubre Pekel Street,Miami‐Dade,Not Found,Not Found,,,,,,,,,,,
Trooper Robert G. Smith,Trooper Robert G. Smith Bridge,Miami‐Dade,Not Found,Not Found,,,,,,,,,,,
"Victor Hernandez, Sr","Victor Hernandez, Sr. Way",Miami‐Dade,Not Found,Not Found,,,,,,,,,,,
William H. Turner,William H. Turner Memorial Boulevard,Miami‐Dade,https://en.wikipedia.org/wiki/William_H._Turner,Found,,,,,,,,,,,
Willy Chirino,Willy Chirino Boulevard,Miami‐Dade,https://en.wikipedia.org/wiki/Willy_Chirino,Found,,,,,,,,,,,
Yitzhak Rabin,Yitzhak Rabin Boulevard,Miami‐Dade,https://en.wikipedia.org/wiki/Yitzhak_Rabin,Found,,,,,,,,,,,
Dante B. Fascell,Dante B. Fascell Bridge,Monroe,https://en.wikipedia.org/wiki/Dante_B._Fascell,Found,,,,,,,,,,,
Representative Bernie C. Papy,Representative Bernie C. Papy Bridge,Monroe,https://en.wikipedia.org/wiki/Bernie_Papy,Found,,,,,,,,,,,
"Whale Harbor Joe Roth, Jr","Whale Harbor Joe Roth, Jr., Bridge",Monroe,Not Found,Not Found,,,,,,,,,,,
Harry S. Truman Overseas,Harry S. Truman Overseas Highway,Multiple Counties,https://en.wikipedia.org/wiki/USS_Harry_S._Truman,Found,,,,,,,,,,,
Gale Lemerand,Gale Lemerand Drive,Alachua,Not Found,Not Found,,,,,,,,,,,
Marge Pearlson,Marge Pearlson Way,Miami-Dade,https://en.wikipedia.org/wiki/Raymond_Pearlson,Found,,,,,,,,,,,
Reverend Wilner Maxy,Reverend Wilner Maxy Street,Miami-Dade,Not Found,Not Found,,,,,,,,,,,
Brittan Alexander,Brittan Alexander Bridge,Citrus,https://en.wikipedia.org/wiki/Leon_Brittan,Found,,,,,,,,,,,
Burton R. Quinn,Burton R. Quinn Memorial Highway,Citrus,Not Found,Not Found,,,,,,,,,,,
Franklin Hair,Franklin Hair Bridge,Citrus,https://en.wikipedia.org/wiki/Franklin_Richards_%28character%29,Found,,,,,,,,,,,
Trooper Ronald Gordon Smith,Trooper Ronald Gordon Smith Memorial Bridge,Citrus,Not Found,Not Found,,,,,,,,,,,
Lonnie Coburn,Deputy Lonnie Coburn Memorial Highway,Hernando,Not Found,Not Found,,,,,,,,,,,
Art Pepin,Art Pepin Boulevard,Hillsborough,Not Found,Not Found,,,,,,,,,,,
August A. Busch,"August A. Busch, Jr. Boulevard",Hillsborough,https://en.wikipedia.org/wiki/August_A._Busch,Found,,,,,,,,,,,
Corporal Michael Joseph Roberts,Corporal Michael Joseph Roberts Memorial Highway,Hillsborough,Not Found,Not Found,,,,,,,,,,,
Fortune Taylor,Fortune Taylor Bridge,Hillsborough,https://en.wikipedia.org/wiki/Fortune_%28magazine%29,Found,,,,,,,,,,,
Ivey Edward Cannon,Ivey Edward Cannon Memorial Bridge,Hillsborough,Not Found,Not Found,,,,,,,,,,,
Sun City Center,Sun City Center Boulevard,Hillsborough,https://en.wikipedia.org/wiki/Sun_City_Center,Found,,,,,,,,,,,
Trooper Kenneth E. Flynt,Trooper Kenneth E. Flynt Highway,Hillsborough,Not Found,Not Found,,,,,,,,,,,
W. Howard Frankland,W. Howard Frankland Bridge,Hillsborough,Not Found,Not Found,,,,,,,,,,,
W. T. Williams,W. T. Williams Bridge,Hillsborough,https://en.wikipedia.org/wiki/W._T._Williams,Found,,,,,,,,,,,
John C. Mecklenburg,"Deputy John C. Mecklenburg Memorial Highway
",Multiple Counties,https://en.wikipedia.org/wiki/John_I%2C_Lord_of_Mecklenburg,Found,,,,,,,,,,,
Paul S. Buchman,Paul S. Buchman Highway,Multiple Counties,Not Found,Not Found,,,,,,,,,,,
Agent John Van Waters,Agent John Van Waters Memorial Highway,Pasco,Not Found,Not Found,,,,,,,,,,,
Constable Arthur Fleece Crenshaw,Constable Arthur Fleece Crenshaw Memorial Highway,Pasco,Not Found,Not Found,,,,,,,,,,,
Darce Taylor Crist,Darce Taylor Crist Boulevard,Pasco,Not Found,Not Found,,,,,,,,,,,
Father Felix Ullrich,Father Felix Ullrich Bridge,Pasco,Not Found,Not Found,,,,,,,,,,,
John Van Waters,John Van Waters Memorial Highway,Pasco,https://en.wikipedia.org/wiki/John_Waters,Found,,,,,,,,,,,
State Trooper James Crooks,State Trooper James Crooks Highway,Pasco,Not Found,Not Found,,,,,,,,,,,
Bob Graham/Sunshine Skyway,Bob Graham/Sunshine Skyway Bridge,Pinellas,Not Found,Not Found,,,,,,,,,,,
Edward Cole,Dr. Edward Cole Highway,Pinellas,https://en.wikipedia.org/wiki/Edward_Cole,Found,,,,,,,,,,,
St. Petersburg/William C. Cramer,St. Petersburg/William C. Cramer Memorial Highway,Pinellas,https://en.wikipedia.org/wiki/William_C._Cramer,Found,,,,,,,,,,,
"William Ennels Dean, Jr","William Ennels Dean, Jr., Bridge",Pinellas,Not Found,Not Found,,,,,,,,,,,
Officer Jesse Madsen,Officer Jesse Madsen Memorial Highway,Hillsborough,Not Found,Not Found,,,,,,,,,,,
"Sgt. George Lee Taylor, Sr","Sgt. George Lee Taylor, Sr., Memorial Highway",Brevard,Not Found,Not Found,,,,,,,,,,,
Pio Ieraci,Pio Ieraci Memorial Drive,Broward,Not Found,Not Found,,,,,,,,,,,
Warren Alvarez,Warren Alvarez Memorial Bridge,Duval,Not Found,Not Found,,,,,,,,,,,
Pensacola Police Fallen Heroes,Pensacola Police Fallen Heroes Highway,Escambia,Not Found,Not Found,,,,,,,,,,,
Virginia Creighton,Virginia Creighton Bridge,Hillsborough,https://en.wikipedia.org/wiki/Creighton_Court,Found,,,,,,,,,,,
First Class Michael C. Aten,Sergeant First Class Michael C. Aten Memorial Highway,Lake,Not Found,Not Found,,,,,,,,,,,
Coach Guy Thomas,Coach Guy Thomas Memorial Highway,Lee,Not Found,Not Found,,,,,,,,,,,
Anthony Reznik,Anthony Reznik Boulevard,Miami-Dade,https://en.wikipedia.org/wiki/Kirill_Reznik,Found,,,,,,,,,,,
Bellas Artes,Bellas Artes Way,Miami-Dade,https://en.wikipedia.org/wiki/Bellas_Artes,Found,,,,,,,,,,,
Oswaldo Payá,Oswaldo Payá Way,Miami-Dade,https://en.wikipedia.org/wiki/Oswaldo_Pay%C3%A1,Found,,,,,,,,,,,
Cheryl H. Cates,Cheryl H. Cates Memorial Bridge,Monroe,Not Found,Not Found,,,,,,,,,,,
Austin D. Gayne,Austin D. Gayne Memorial Highway,Orange,Not Found,Not Found,,,,,,,,,,,
Ira Mae Wells-Bruce,Ira Mae Wells-Bruce Memorial Highway,Santa Rosa,Not Found,Not Found,,,,,,,,,,,
"Reverend Murray Hamilton, Sr","Reverend Murray Hamilton, Sr., Highway",Santa Rosa,Not Found,Not Found,,,,,,,,,,,
Private Tillman R. Clark,Private Tillman R. Clark Memorial Bridge,Taylor,Not Found,Not Found,,,,,,,,,,,
"William Gentry, Jr","Deputy William Gentry, Jr., Highway",Highlands,Not Found,Not Found,,,,,,,,,,,
Michael Moskowitz,Michael Moskowitz Drive,Broward,https://en.wikipedia.org/wiki/Michael_A._Moskowitz,Found,,,,,,,,,,,
Bill Lundy,General Bill Lundy Highway,Okaloosa,https://en.wikipedia.org/wiki/William_Lundy,Found,,,,,,,,,,,
P. J. Langford,P. J. Langford Memorial Highway,Polk,Not Found,Not Found,,,,,,,,,,,
First Coast,First Coast Highway,Multiple Counties,https://en.wikipedia.org/wiki/First_Coast,Found,,,,,,,,,,,
Georgia‐Florida Military,Georgia‐Florida Military Highway,Multiple Counties,https://en.wikipedia.org/wiki/Georgia_Military_College,Found,,,,,,,,,,,
Hays Lewis,Hays Lewis Memorial Highway,Multiple Counties,https://en.wikipedia.org/wiki/Hays_Code,Found,,,,,,,,,,,
Pierce Snowden,Pierce Snowden Highway,Multiple Counties,https://en.wikipedia.org/wiki/Louise_Hortense_Snowden,Found,,,,,,,,,,,
Old Cutler Road State Historic,Old Cutler Road State Historic Highway,Miami‐Dade,Not Found,Not Found,,,,,,,,,,,
Atlantic Beach,Atlantic Beach Boulevard,Multiple Counties,https://en.wikipedia.org/wiki/Atlantic_Beach,Found,,,,,,,,,,,
Kenneth C. Mock,Kenneth C. Mock Highway,Palm Beach,Not Found,Not Found,,,,,,,,,,,
George Crady,George Crady Bridge,Multiple Counties,https://en.wikipedia.org/wiki/George_Crady,Found,,,,,,,,,,,
Christa McAuliffe,Christa McAuliffe Bridge,Brevard,https://en.wikipedia.org/wiki/Christa_McAuliffe,Found,,,,,,,,,,,
Barbara Ann Pill,Deputy Sheriff Barbara Ann Pill Memorial Highway,Brevard,Not Found,Not Found,,,,,,,,,,,
Kyle Lee Patterson,Kyle Lee Patterson Memorial Way,Brevard,Not Found,Not Found,,,,,,,,,,,
Archbishop Edward A. McCarthy High School,Archbishop Edward A. McCarthy High School Way,Broward,https://en.wikipedia.org/wiki/Archbishop_Edward_A._McCarthy_High_School,Found,,,,,,,,,,,
Coach Gwendolyn Maxwell,Coach Gwendolyn Maxwell Bridge to Ribault,Duval,Not Found,Not Found,,,,,,,,,,,
Officer Christopher Michael Kane,Officer Christopher Michael Kane Highway,Duval,Not Found,Not Found,,,,,,,,,,,
Officer Scott Eric Bell,Officer Scott Eric Bell Highway,Duval,https://en.wikipedia.org/wiki/Eric_Bell_II,Found,,,,,,,,,,,
"Lewis Bear, Jr","Lewis Bear, Jr., Memorial Highway",Escambia,Not Found,Not Found,,,,,,,,,,,
Senior Inspector Rita Jane Hall,Senior Inspector Rita Jane Hall Memorial Highway,Jefferson,Not Found,Not Found,,,,,,,,,,,
Mama Elsa,Mama Elsa Street,Miami-Dade,https://en.wikipedia.org/wiki/Havana_Elsa,Found,,,,,,,,,,,
SSgt. Carl Philippe Enis,SSgt. Carl Philippe Enis Memorial Highway,Multiple Counties,Not Found,Not Found,,,,,,,,,,,
Corporal James McWhorter,Corporal James McWhorter Memorial Highway,Nassau,Not Found,Not Found,,,,,,,,,,,
Officer Kevin Valencia,Officer Kevin Valencia Memorial Highway,Orange,Not Found,Not Found,,,,,,,,,,,
Lois D. Martin,Lois D. Martin Way,Palm Beach,https://en.wikipedia.org/wiki/Lois_D._Martin,Found,,,,,,,,,,,
Michael Hartwick,Deputy Sheriff Michael Hartwick Memorial Highway,Pinellas,https://en.wikipedia.org/wiki/Hartwick_College,Found,,,,,,,,,,,
SPC Zachary L. Shannon,SPC Zachary L. Shannon Memorial Highway,Pinellas,Not Found,Not Found,,,,,,,,,,,
Rush Limbaugh,Rush Limbaugh Way,Hernando,https://en.wikipedia.org/wiki/Rush_Limbaugh,Found,,,,,,,,,,,
