Name,Primary Occupation,Race,Sex,Birth Date,Death Date,Wikipedia Link
Staff Sergeant Michael A Bock,,,,,,
Sergeant Jess Thomas,,,,,,
Specialist Ronald Gaffney,,,,,,
Jim Tullis,politician,,male,1941-11-03,2017-10-14,https://en.wikipedia.org/wiki/Jim_Tullis
Allan Bense,politician,,male,1951-10-06,,https://en.wikipedia.org/wiki/Allan_Bense
Dr Martin Luther King Jr,,,,,,
Dr Von Mizell,,,,,,
Robert L Clark,researcher,,male,,,
Sheriff Charles Simeon Dean,,,,,,
James Harold Thompson,politician,,male,1944-11-10,,https://en.wikipedia.org/wiki/James_Harold_Thompson
Gulf County Veterans,,,,,,
Sergeant Paul Smith,,,,,,
Sergeant Marvin L Roberts,,,,,,
Specialist Alexander Miller,,,,,,
Sheriff Chris Daniels,,,,,,
CK Steele,,,,,,
Deputies Tony Forgione and Bill Myers,,,,,,
John B Arnold Jr,,,,,,
Gold Star Family Memorial Bridge dedicated to US Army CPL Frank R Gross,,,,,,
Submarine Veterans,,,,,,
Dr RC Sproul,,,,,,
David G Ledgerwood,,,,,,
Rev Dr Thomas A Wright,,,,,,
Candice Ellize Francois,,,,,,
Governor Mixson,,,,,,
The Hope and Healing,,,,,,
John U Lloyd,,,,,,https://en.wikipedia.org/wiki/Dr._Von_D._Mizell-Eula_Johnson_State_Park
Wilbur Barry,,,,,,
SP4 Robert Clifford Millender,,,,,,
Francisco A Rodriguez,,,male,1951-00-00,,
Helen Gordon Davis,actor,,female,1926-12-25,2015-05-18,https://en.wikipedia.org/wiki/Helen_Davis
Deputy A Hagood Ellzey,,,,,,
Trooper Patrick Ambroise,,,,,,
Deputy Christopher Smith,,,,,,
Rep J Troy Peacock,,,,,,
Lieutenant Benedict J Thomas,,,,,,
Edith Lederberg,,,,,,
Trooper John C Hagerty,,,,,,
Trooper Joseph Sawtell Jr,,,,,,
Sergeant Steven G Greco,,,,,,
Sergeant George A Brown III,,,,,,
Trooper Bradley S Glascock,,,,,,
Trooper Lindell J Gibbons,,,,,,
Florence Hecht,,,,,,
Trooper William Bill H Dyer,,,,,,
Trooper Robert P McDermon,,,,,,
Trooper Phillip Black  and Corporal Donald Irwin,,,,,,
Robert L Shevin,,,,,,
Manuel A Gonzalez Plaza,,,,,,
Trooper Owen K Bender,,,,,,
Trooper Merle J Cook Trooper Robert L Pruitt Trooper Cleo L Tomlinson Jr,,,,,,
Trooper Luther P Daniel,,,,,,
Sergeant William T Bishop,,,,,,
Trooper Halley Strickland,,,,,,
Fallen Hero Specialist Kelly J Mixon,,,,,,
Martin Luther King Jr,pastor,African Americans,male,1929-01-15,1968-04-04,https://en.wikipedia.org/wiki/Martin_Luther_King_Jr.
Sheriff David C Hobbs,,,,,,
Sergeant John C Baxter Jr,,,,,,
Patrolman Royston E Walker,,,,,,
Sergeant Daniel Hinton,,,,,,
Jorge P Castano,,,,,,
Trooper Sherman L Scott Jr,,,,,,
Trooper Richard Howell,,,,,,
Troopers Herman T Morris and Frederick J Groves Jr,,,,,,
Trooper Wilburn A Kelly,,,,,,
Trooper Edwin J Gasque,,,,,,
Maceo Perkins,,,,,,
SSGT Edward C Sheffield,,,,,,
Trooper Alvin V Kohler,,,,,,
Trooper Elmer C Barnett,,,,,,
Trooper Chelsea Richard,,,,,,
Trooper Milan D Hendrix,,,,,,
Officer Lance Christian Whitaker,,,,,,
Countyline,,,,,,"https://en.wikipedia.org/wiki/Countyline,_Oklahoma"
AB Michael Bridges,,,,,,
Archibald Johns Thomas,,,,,,
Gold Star Family Memorial Bridge dedicated to Army Captain Joseph M Berkson,,,,,,
Austin D Gay,,,,,,
Bart D and John R Broxson,,,,,,
Deputy Chief Lynne Nungesser,,,,,,
Deputy Donald Ray Cook,,,,,,
Deputy Matt Miller,,,,,,
Deputy Sheriff David Anthony Abella,,,,,,
General Daniel Chappie James Jr,,,,,,
Harriet Tubman HighwayUS 1SR 5,,,,,,
JD Turner,,,,,,
John B Coxwell,,,,,,
John C Gainous,,,,,,
Joshua S Montaad,,,,,,
Julius July Perry,,,,,,
Manuel H Manny Piedra,,,,,,
Master Police Officer Lois Marrero,,,,,,
Phoebe Jonchuck,,,,,,
Purple Heart,,,,,,https://en.wikipedia.org/wiki/Purple_Heart
Rosa Maria Plasencia,,,,,,
Sergeant Tracy Vickers,,,,,,
Slaughter Read Ramirez Lindsey,,,,,,
Trooper Joseph Bullock,,,,,,
Wesley L Silas,,,,,,
Willis V Rowan,,,,,,
Harriet Tubman HighwayState Road 909,,,,,,
Olympian Theresa Manuel,,,,,,
Patrolman Leroy Bender,,,,,,
Kurt Eichin,,,male,1944-00-00,,
Officer James Ronco,,,,,,
Robert L Bob Billingslea,,,,,,
Coach Jeff Sommer,,,,,,
Corporal Joseph R Bertrand,,,,,,
KMI Kentucky Military Institute,,,,,,
Historic Suwannee River Scenic,,,,,,
Joe Anderson Jr,,,,,,
David W Moss,,,,,,
Joe C Peavy,,,,,,
Private First Class Joey Moody,,,,,,
SP4 Billy Jacob Hartsfield,,,,,,https://commons.wikimedia.org/wiki/Category:SP4_Billy_Jacob_Hartsfield_Memorial_Bridge
Francis Gibbs,,,male,1839-07-15,1865-12-16,
Nassau County Deputy Sheriffs Memorial Highway,,,,,,
Emmitt G Coakley,,,,,,
Ponce de Leon,,,,,,https://commons.wikimedia.org/wiki/Category:Ponce_de_Le%C3%B3n_(surname)
Julia Munroe Woodward,,,,,,https://en.wikipedia.org/wiki/Florida_State_Road_269
CPT Tecarie CZ Czarnecki and TSgt David A Stone,,,,,,
Trooper James Herbert Fulford Jr,,,,,,
Danny A Pino,,,,,,
Brigadier General Thomas Mark Stogsdill,,,,,,
William H Bill Mapoles,,,,,,
Mayor Randall Wise,,,,,,
Walter Francis Spence,,,,,,
C Wayne Ansley,,,,,,
Brigadier General Bud Day,,,,,,
Sheriff Wendell Hall Highway,,,,,,
Warren E Charlie and Shirley Brown,,,,,,
Dr Martin Lutther King Jr,,,,,,
Kimberly Ann Hurd,,,,,,
First Class Deputy Norman Lewis,,,,,,
Elias Rico Piccard,,,,,,
Robert Pittman Jr,,,,,,
Lieutenant Debra Clayton,,,,,,
Bessie Coleman,aircraft pilot,African Americans,female,1892-01-26,1926-04-30,https://en.wikipedia.org/wiki/Bessie_Coleman
Fred Karl,lawyer,,male,1924-05-14,2013-03-07,https://en.wikipedia.org/wiki/Frederick_B._Karl
Carmelau Monestime,radio personality,,male,1931-04-06,2016-01-16,https://en.wikipedia.org/wiki/Carmelau_Monestime
Dr Clifford Garfield OConnor,,,,,,
Jessie Trice,,,,,,
Luis Fernando Brande,,,,,,
Ralph Sanchez,businessperson,,male,1948-01-01,2013-01-01,https://en.wikipedia.org/wiki/Ralph_Sanchez
Robert Bobby L Parker Sr,,,,,,
Senator Paul B Steinberg,,,,,,
Bishop Isaiah S Williams Jr,,,,,,
Ronald A Silver,,,,,,
Georgia Ayers,,,,,,
Phares Duverne,,,,,,
Sergeant Carl Mertes,,,,,,
Stanley G Tate,,,,,,
Jacob Fleishman,,,,,,
Miami Springs,,,,,,"https://en.wikipedia.org/wiki/Miami_Springs,_Florida"
Guillermo Zamora,artist,,male,1915-01-01,2002-01-01,
Rene Ledesma,researcher,,,,,
Sabre,,,,,,https://commons.wikimedia.org/wiki/Category:Sabre_(surname)
US Army Sergeant Amaru AguilarBorgen Memorial Highway,,,,,,
Larcenia Bullard,politician,,female,1947-07-21,2013-03-16,https://en.wikipedia.org/wiki/Larcenia_Bullard
Reverend John A Ferguson,,,,,,
Robert M Levy,,,,,,
Arthur  Polly Mays,,,,,,
Lourdes GuzmanDeJeus,,,,,,
Herman Echevarria,,,,,,
Belen Presidents,,,,,,
Betty Pino,announcer,,female,1948-04-21,2013-08-07,https://en.wikipedia.org/wiki/Betty_Pino
Lorenzo de Toro,,,,,,
Muhammad Ali,boxer,African Americans,male,1942-01-17,2016-06-03,https://en.wikipedia.org/wiki/Muhammad_Ali
Nelson Mandela,politician,,male,1918-07-18,2013-12-05,https://en.wikipedia.org/wiki/Nelson_Mandela
Indian Key Irving R Eyster,,,,,,
Irene U Hooper Memorial Bridges,,,,,,
POWMIA,,,,,,
RADM LeRoy Collins Jr Veterans,,,,,,
Gulf Coast,,,,,,https://en.wikipedia.org/wiki/Gulf_Coast_of_the_United_States
CW Bill Young,,,,,,
C Bette Wimbish,,,,,,
Senator Gerald S Jerry Rehm,,,,,,
Albert W Gilchrist,,,,,,
Babcock,,,,,,https://en.wikipedia.org/wiki/Babcock
Tom Adams,illustrator,,male,1926-03-29,2019-12-17,https://en.wikipedia.org/wiki/Tom_Adams_(illustrator)
Frank,,,,,,https://en.wikipedia.org/wiki/Frank_(given_name)
Goodlette,,,,,,
Judge S S Jolley,,,,,,
Ted Smallwood Sr,,,,,,
S Chesterfield Smith,,,,,,
Mamie Langdale,,,,,,
Harry Stringfellow,,,,,,
Matanzas Pass,,,,,,https://ceb.wikipedia.org/wiki/Matanzas_Pass
McGregor Boulevard State,,,,,,
Michael G Rippe,,,,,,
Anna Maria Island,,,,,,https://en.wikipedia.org/wiki/Anna_Maria_Island
H E Boyd,,,,,,
Longboat Key,,,,,,"https://en.wikipedia.org/wiki/Longboat_Key,_Florida"
Palma Sola,,,,,,"https://en.wikipedia.org/wiki/Palma_Sola,_Santa_Catarina"
Southeastern Guide Dog,,,,,,
Trooper Jeffery Dale Young,,,,,,
American Legion,,,,,,https://en.wikipedia.org/wiki/American_Legion
Bob Bentley,basketball player,,male,,,
Cecil M Webb,,,,,,https://ceb.wikipedia.org/wiki/Cecil_M_Webb_State_Wildlife_Management_Area
Charlie Miner,,,,,,
Citrus,,,,,,https://en.wikipedia.org/wiki/Citrus
Claude Pepper,politician,,male,1900-09-08,1989-05-30,https://en.wikipedia.org/wiki/Claude_Pepper
Coast to Coast,,,,,,https://en.wikipedia.org/wiki/Coast_to_Coast_(Westlife_album)
DeSoto,,,,,,"https://en.wikipedia.org/wiki/DeSoto,_Texas"
E C Rowell,,,,,,
Florida Cracker,,,,,,https://en.wikipedia.org/wiki/Florida_cracker
Lawton Chiles,politician,,male,1930-04-03,1998-12-12,https://en.wikipedia.org/wiki/Lawton_Chiles
Martin,,,,,,https://en.wikipedia.org/wiki/Martin_(given_name)
Paradise,,,,,,"https://en.wikipedia.org/wiki/Paradise,_Nevada"
Ronald Reagan Turnpike,,,,,,https://en.wikipedia.org/wiki/Homestead_Extension_of_Florida%27s_Turnpike
Swearingen,,,,,,https://commons.wikimedia.org/wiki/Category:Swearingen_(surname)
Thomas W Bryant,,,,,,
Warfield,,,,,,https://commons.wikimedia.org/wiki/Category:Warfield_(surname)
Billy Bowlegs III,,,male,1862-01-01,1965-01-01,https://en.wikipedia.org/wiki/Billy_Bowlegs_III
General James A Van Fleet,,,,,,
George W Harris Jr,,,,,,
Heather Hurd,,,,,,
James Henry Mills Medal of Honor,,,,,,
John L Robinson,,,,,,
L H Recker,,,,,,
Lisle W Smith,,,,,,
Milton D Wilson,,,,,,
WS Badcock,,,,,,
William P Langdon,,,,,,
William R Van Fleet,,,,,,
Circus,,,,,,https://en.wikipedia.org/wiki/Circus_(bird)
Colonel George Kumpe,,,,,,
Gil Waters,,,,,,
Trooper Claude Baker,,,,,,
Veterans,,,,,,https://en.wikipedia.org/wiki/Veteran
The Honorable Dale G Bennett Boat Ramp,,,,,,
Historic Pine Castle Station,,,,,,
Reverend Kenneth C Crossman,,,,,,
Harold Haynes Memorial Pedestrian,,,,,,
Deputy Jack A Romeis,,,,,,
Sid Martin,,,,,,https://commons.wikimedia.org/wiki/Category:Sid_Martin_Biotechnology_Incubator
Ben Rowe,racing automobile driver,,male,1975-05-07,,https://fr.wikipedia.org/wiki/Ben_Rowe
Buddy Norman,,,,,,
Elgin Bayless,,,,,,https://commons.wikimedia.org/wiki/Category:White_City_Bridge
Tom Chastain,,,,,,
James C Penney,,,,,,
S D Sam Saunders,,,,,,
James A Brewer,,,,,,
Lindler,,,,,,
Captain Chad Allen Reed Sr,,,,,,
Joe H Anderson Sr,,,,,,
SP4 Thomas Berry Corbin,,,,,,
Stephen Foster,songwriter,,male,1826-07-04,1864-01-13,https://en.wikipedia.org/wiki/Stephen_Foster
US Navy BMC Samuel Calhoun Chavous Jr,,,,,,
Angela Webb Hammonds,,,,,,
Arnolta J Williams,,,,,,
Arthur N Sollee,,,,,,
Barbara Van Blake,,,,,,
Benolken,,,,,,
Bernard Wilkes,,,,,,
Buckman,,,,,,https://commons.wikimedia.org/wiki/Category:Buckman_(surname)
Busch,,,,,,https://en.wikipedia.org/wiki/Busch_(surname)
C D Kinsey,,,,,,
C Ray Greene,,,,,,
Charles B Dailey,,,,,,
Charles E Bennett,,,,,,
Dan Jones,basketball player,,male,,,
Don Davis,composer,,male,1957-02-04,,https://en.wikipedia.org/wiki/Don_Davis_(composer)
Duval County Law Enforcement,,,,,,
Earl S Coach Kitchings,,,,,,
Ed Holt,,,,,,
Eddie Mae Steward,,,female,1938-01-01,2000-01-01,https://en.wikipedia.org/wiki/Eddie_Mae_Steward
Flossie Brunson,,,,,,
Gainesville Short Route,,,,,,
George Matthews,,,male,1918-00-00,2014-00-00,
Hans G Tanzler Jr Interstate,,,,,,
Isaiah D Hart,,,,,,
James E Jim King Jr,,,,,,
James H Argrett Sr,,,,,,
James Weldon Johnson,writer,African Americans,male,1871-06-17,1938-06-26,https://en.wikipedia.org/wiki/James_Weldon_Johnson
Jim Deaton,head coach,,male,,,https://en.wikipedia.org/wiki/Jim_Deaton
John T Alsop Jr,,,,,,
Johnnie Mae Chappell,,,female,1929-00-00,1964-03-23,https://en.wikipedia.org/wiki/Murder_of_Johnnie_Mae_Chappell
Lawrence Callahan,military personnel,,male,1894-01-11,1977-09-17,https://en.wikipedia.org/wiki/Lawrence_Kingsley_Callahan
Mandarin,,,,,,https://en.wikipedia.org/wiki/Standard_Chinese
Mary L Austin Jones,,,,,,
Moses Baker,missionary,,male,1755-00-00,1822-00-00,
Napoleon Bonaparte Broward,politician,,male,1857-04-19,1910-10-01,https://en.wikipedia.org/wiki/Napoleon_B._Broward
Robert Bullet Bob Hayes,,,,,,
Robert L Brown Sr,,,,,,
Ronald W Reagan,television actor,white people,male,1911-02-06,2004-06-05,https://en.wikipedia.org/wiki/Ronald_Reagan
Roy Willis,American football player,,male,,,
Sarah Hayes Rice,,,,,,
St Elmo W Acosta,,,,,,
Taye Brown,,,,,,
Tom Marshall,researcher,,male,,,
USS Stark,,,,,,https://en.wikipedia.org/wiki/USS_Stark
Wallace P Covington,,,,,,
Whatley,,,,,,https://en.wikipedia.org/wiki/Whatley_(surname)
Willie F Faust,,,,,,
Sergeant Ricky Lord,,,,,,
W O Cannon and D W McCollister,,,,,,
Brett Fulton and Josh Burch,,,,,,
R Stanley Adams,,,,,,
Woodpecker Route,,,,,,
Frank R Norris,,,,,,
Fred P Parker,,,,,,
Hal W Adams,,,,,,
Sheriff Stanley H Cannon,,,,,,
Forest Ranger Edward O Peters,,,,,,
Marine Lance Corporal Brian R Buesing,,,,,,
US Army SPC James A Page,,,,,,
United States Army Sergeant Karl A Campbell,,,,,,
United States Army Specialist Brandon Tyler Thorsen,,,,,,
William R Coulter,,,,,,
Raeburn C Horne,,,,,,
Ray Charles,pianist,African Americans,male,1930-09-23,2004-06-10,https://en.wikipedia.org/wiki/Ray_Charles
Bill Pearce,politician,,male,1894-11-29,1968-08-02,https://en.wikipedia.org/wiki/Bill_Pearce_(politician)
Blue Springs,,,,,,"https://en.wikipedia.org/wiki/Blue_Springs,_Missouri"
Browning Pearce,,,,,,
Charley E Johns,,,,,,
Coach Jermaine D Hall,,,,,,
Constitution,,,,,,https://en.wikipedia.org/wiki/Constitution
Correctional Officers,,,,,,
Dwight David Eisenhower Veterans,,,,,,
Ed Fraser,,,,,,
Florida Arts,,,,,,
Florida Sheriffs Boys Ranch,,,,,,"https://commons.wikimedia.org/wiki/Category:Florida_Sheriffs_Boys_Ranch,_Live_Oak"
Hinely Parker,,,,,,
Lem Turner,,,,,,
Old Spanish,,,,,,https://en.wikipedia.org/wiki/Old_Spanish
Pearl Harbor,,,,,,https://en.wikipedia.org/wiki/Pearl_Harbor
POWMIA Blue Star,,,,,,
Alexander G Sandy MacArthur and Herbert William Heimey Fishler,,,,,,
MaVynne The Beach Lady Betsch,,,,,,
Thomas J Shave Jr,,,,,,
Trooper Charles W Parks,,,,,,
Verna Bell,,,,,,https://ceb.wikipedia.org/wiki/Verna_Bell_Claim
Frank Thomas McMeekin,,,,,,
Jerome A Williams,,,,,,
John W Campbell,editor,,male,1910-06-08,1971-07-11,https://en.wikipedia.org/wiki/John_W._Campbell
Alvin C Shands,,,,,,
Claude Varn,,,,,,
F Charles Usina,,,,,,
Francis and Mary Usina,,,,,,
MicklerOConnell,,,,,,
Ron Parker,American football player,,male,1987-08-17,,https://en.wikipedia.org/wiki/Ron_Parker
Rosco,,,,,,
Verle Allyn Pope,politician,,male,1903-12-12,1973-07-18,https://en.wikipedia.org/wiki/Verle_A._Pope
Byron Butler,,,,,,
Deputy Victor J Skip MacDonald Jr,,,,,,
L P Pete Gibson,,,,,,
Trooper Charles Eugene Campbell,,,,,,
Correction Officers,,,,,,https://en.wikipedia.org/wiki/Correction_Officers%27_Benevolent_Association
Deputy Hal P Croft and Deputy Ronald Jackson,,,,,,
Deputy Renee Danell Azure,,,,,,
G Fred Andrews,,,,,,
B V Buchanan,,,,,,
Charles M Parker,,,,,,
DuPont,,,,,,https://en.wikipedia.org/wiki/Dupont_(surname)
Hathaway,,,,,,https://en.wikipedia.org/wiki/Hathaway_(surname)
Hutchison,,,,,,https://en.wikipedia.org/wiki/Hutchison_(surname)
K Earl Durden,,,,,,
Lieutenant Colonel Carl John Luksic USAF,,,,,,
Lynn Haven,,,,,,"https://en.wikipedia.org/wiki/Lynn_Haven,_Florida"
Panama City Beach,,,,,,"https://en.wikipedia.org/wiki/Panama_City_Beach,_Florida"
C D Clark,,,,,,
Fuller Warren,politician,,male,1905-10-03,1973-09-23,https://en.wikipedia.org/wiki/Fuller_Warren
Trammell,,,,,,https://en.wikipedia.org/wiki/Trammell
Bayou Chico,,,,,,https://ceb.wikipedia.org/wiki/Bayou_Chico_(suba)
Blue Angel,,,,,,https://en.wikipedia.org/wiki/The_Blue_Angel
Creola Rutledge,,,,,,
Don Sutton,baseball player,,male,1945-04-02,2021-01-18,https://en.wikipedia.org/wiki/Don_Sutton
Dr Phillip A Payne,,,,,,
F M Son Turner Jr,,,,,,
Gandyville,,,,,,
Gulf Gateway,,,,,,https://en.wikipedia.org/wiki/Gulf_Gateway_Deepwater_Port
J McHenry Jones,,,,,,
Joyce Webb Nobles,,,,,,
Perdido Key,,,,,,"https://en.wikipedia.org/wiki/Perdido_Key,_Florida"
Reubin ODonovan Askew,,,,,,
Robert L F Sikes,,,,,,
The David Bogan,,,,,,
Bryant Grady Patton,,,,,,
Camp Gordon Johnston Mem,,,,,,
E N Walker,,,,,,
Patton,,,,,,https://en.wikipedia.org/wiki/Patton_(surname)
R L Moore,,,,,,
Tillie Miller,midwife,,female,1900-11-29,1967-03-19,
Alfred Lawson Jr,,,,,,
C Fred and Marvin Arrington,,,,,,
Cecil G Costin Sr,,,,,,
Clifford C Sims,,,,,,
George G Tapper,,,,,,
J L Sharit,,,,,,
Curry,,,,,,https://en.wikipedia.org/wiki/Curry_(surname)
George L Dickenson,,,,,,
James Riley Paul,,,,,,
Lonnie Weeks,,,,,,
M M Andrews,,,,,,
West Florida Fuller Warren,,,,,,
Buddy Williams,street artist,,male,1918-09-05,1986-12-12,https://en.wikipedia.org/wiki/Buddy_Williams_(country_musician)
Doctor C H Ryals,,,,,,
Hamilton Allan Smith,,,,,,
Pete Peterson,politician,,male,1935-06-26,,https://en.wikipedia.org/wiki/Pete_Peterson
FloridaGeorgia,,,,,,
Lance Corporal Clemon Clyde Alexander,,,,,,
Lester C Lawrence,,,,,,
Richard H Simpson,community leader,Americans in the United Kingdom,male,1889-05-14,,
S D Clarke,researcher,,,,,
Apalachee,,,male organism,1971-00-00,,https://en.wikipedia.org/wiki/Apalachee_(horse)
Kate Ireland,,,,,,
M S Thomas,researcher,,,,,
Doolittle Raiders,,,,,,
Emerald Coast,,,,,,https://en.wikipedia.org/wiki/Emerald_Coast
James Gadsden,soldier,,male,1788-05-15,1858-12-26,https://en.wikipedia.org/wiki/James_Gadsden
Miracle Strip,,,,,,https://en.wikipedia.org/wiki/Miracle_Strip_Amusement_Park
Pat Thomas,boxer,,male,1950-05-05,,https://en.wikipedia.org/wiki/Pat_Thomas_(boxer)
Senator Greg Evers,,,,,,
University of West Florida,,,,,,https://en.wikipedia.org/wiki/University_of_West_Florida
William D Cooter Douglass,,,,,,
Air Commando,,,,,,
Brian D Little,,,,,,
C G Meigs,,,,,,
Colonel Bud Day,,,,,,https://en.wikipedia.org/wiki/Sioux_Gateway_Airport
Cox,,,,,,https://en.wikipedia.org/wiki/Cox_(surname)
Danny Wuerffel,American football player,,male,1974-05-27,,https://en.wikipedia.org/wiki/Danny_Wuerffel
Deputies Skip York and Burt Lopez,,,,,,
Harbor,,,,,,https://en.wikipedia.org/wiki/Harbor
Hayward T Hayes,,,,,,
James W Lee,,,,,,
Jim Franklin,actor,,male,1948-05-16,2005-07-10,https://en.wikipedia.org/wiki/Jimmy_Franklin
Lewis E Turner,,,,,,
Okaloosa,,,,,,"https://en.wikipedia.org/wiki/Okaloosa_County,_Florida"
Roger J Clary,,,male,,,
William Nathey,,,,,,
William T Marler,,,,,,
Army Sergeant Daniel L McCall,,,,,,
Navarre,,,,,,https://en.wikipedia.org/wiki/Navarre
Whiting Field,,,,,,https://ceb.wikipedia.org/wiki/Whiting_Field
Williard Norris,,,,,,
Angus Morrison,lawyer,,male,1822-01-20,1882-06-10,https://en.wikipedia.org/wiki/Angus_Morrison_(politician)
Arthur L Andrews,,,,,,
Gretchen Evans,environmentalist,,female,1924-06-26,2005-09-29,
Clyde B Wells,,,,,,
Henry Koerber,,,,,,
Olan Rex Ferguson,,,,,,
The Beach,,,,,,
Ben G Watts,,,,,,
David J Cook,researcher,,male,,,
John Creel,advocate,,male,1882-02-14,1949-06-29,
Judge Perry Wells,,,,,,
Ralph C Carter,,,,,,
Vernon,,,,,,"https://en.wikipedia.org/wiki/Vernon,_Eure"
Nona and Popa,,,,,,
Burl Marler Walkway,,,,,,
Ann Kolb Tree Path,,,,,,
Commodore Brook,,,,,,
Dave Turner,political candidate,,male,,,
Davie,,,,,,"https://en.wikipedia.org/wiki/Davie,_Florida"
Deputy Ryan Sequin,,,,,,
Dwight L Rogers,,,,,,
E Clay Shaw Jr,,,,,,
Henry E Kinney Tunnel,,,,,,
J D Butler,researcher,,,,,
Marina Mile,researcher,,female,,,
Pembroke Park,,,,,,"https://en.wikipedia.org/wiki/Pembroke_Park,_Florida"
S C Fox,,,,,,
Seminole,,,,,,"https://en.wikipedia.org/wiki/Seminole,_Texas"
The Barefoot Mailman,,,,,,https://en.wikipedia.org/wiki/The_Barefoot_Mailman
Trinchitella,,,,,,
Trooper Donald Earl Jennings,,,,,,
Trooper Stephen G Rouse,,,,,,
West Park,,,,,,"https://en.wikipedia.org/wiki/West_Park,_Florida"
Alma Lee Loy,,,,,,"https://en.wikipedia.org/wiki/17th_Street_Bridge_(Vero_Beach,_Florida)"
James H Pruitt,,,,,,
Merrill P Barber,,,,,,
Richard Raczkoski,,,,,,
Robert C Spillman,,,,,,
Robert W Graves,,,,,,
Wabasso,,,,,,https://en.wikipedia.org/wiki/Wabasso_(spider)
A O Kanner,,,,,,
Big John Monahan,,,,,,
Ernest F Lyons,,,,,,
Evans Crary Sr,,,,,,
Frank A Wacha,,,,,,
Gaines,,,,,,https://en.wikipedia.org/wiki/Gaines_(surname)
Palm City,,,,,,"https://en.wikipedia.org/wiki/Palm_Springs,_California"
Dan McCarty,politician,,male,1912-01-18,1953-09-28,https://en.wikipedia.org/wiki/Daniel_T._McCarty
Military,,,,,,https://en.wikipedia.org/wiki/Military
Stan Mayfield,politician,,male,1955-11-12,2008-09-30,https://en.wikipedia.org/wiki/Stan_Mayfield
Thomas E Will,researcher,,male,1961-00-00,,
Ben Sunday,,,,,,
Carlin White,,,,,,
Glynn Mayo,,,,,,
Haven M Ashe,,,,,,
Jack L Saunders,,,,,,
Jerry Thomas,politician,,male,1953-05-23,,https://ar.wikipedia.org/wiki/%D8%AC%D9%8A%D8%B1%D9%8A_%D8%AA%D9%88%D9%85%D8%A7%D8%B3
L E Buie,,,,,,
Moroso,,,,,,https://commons.wikimedia.org/wiki/Category:Moroso_(surname)
North Ocean,,,,,,https://commons.wikimedia.org/wiki/Category:IMO_7530016
PGA,,,,,,https://en.wikipedia.org/wiki/Folate
Richard E Pete Damon,,,,,,
Richard Jason Randolph,,,,,,
Robert A Harris,researcher,,male,,,
Tom and Marian Lewis,,,,,,
D H Banty Saunders,,,,,,
Peter P Cobb,,,,,,
C Sweet Smith,,,,,,
Challenger,,,,,,https://en.wikipedia.org/wiki/HMS_Challenger_(1858)
Columbia,,,,,,https://en.wikipedia.org/wiki/Columbia_University
Dr W J Creel,,,,,,
Emory Bennett,,,,,,
Ernest KouwenHoven,,,,,,
Harry T and Harriette V Moore,,,,,,
Hubert Humphrey,politician,Norwegian Americans,male,1911-05-27,1978-01-13,https://en.wikipedia.org/wiki/Hubert_Humphrey
Jack I Korenbilt,,,,,,
JohnsonGrogan,,,,,,
Max K Rodes Bridge and,,,,,,
Patrick D Smith,,,,,,
US Army Sergeant Robert Daniel Sanchez,,,,,,
US Marine Corps Corporal Dustin Schrage,,,,,,
Willard Peebles,,,,,,
Deputy Charles Chuck Sease,,,,,,
Hollands,,,,,,https://commons.wikimedia.org/wiki/Category:Hollands_(surname)
Moody,,,,,,
A Slater Cox,,,,,,
Astor,,,,,,https://en.wikipedia.org/wiki/Astor_(surname)
Captain Jim Reynolds Jr USAF Malibu,,,,,,
Deputy Wayne Koester,,,,,,
Johnny C Treadwell,,,,,,
Major Claude A Gnann,,,,,,
Private Robert M McTureous Jr USMC Medal of Honor,,,,,,
RicheySimpson,,,,,,
Sgt Frederico G Borjas,,,,,,
Tera Ross,,,,,,
Abshier,,,,,,
Alec P Courtelis,,,,,,
Angela Simone Santos,,,,,,
Armand and Perry Lovell,,,,,,
Bernard Castro,inventor,,male,1904-08-11,1991-08-24,https://en.wikipedia.org/wiki/Bernard_Castro
Dr John M Haile,,,,,,
James C Cunningham,,,,,,
Jane Yongue Wood,,,,,,
Judge William T Swigert,,,,,,
Julius James  Family,,,,,,
Kenneth H Buddy MacKay and Jim H Williams,,,,,,
Leon B Thrasher,,,,,,
Lt Colonel Robert T Heagy Jr,,,,,,
McCallCustureri,,,,,,
Mike Stavola,,,,,,
Nathan Mayo,politician,,male,1876-12-01,1960-04-14,https://en.wikipedia.org/wiki/Nathan_Mayo
O D Buddy Huff Jr,,,,,,
Otis Beckford,,,,,,
R N Bert Dosh,,,,,,
Rainbow Springs,,,,,,"https://en.wikipedia.org/wiki/Rainbow_Springs,_Florida"
Ray  Davidson,,,,,,
Reverend Frank George Pinkston Sr,,,,,,
Wallace E Sturgis,,,,,,
Willard Ayres,botanist,,male,1871-01-14,1961-00-00,
William Hamilton Rutherford,,,,,,
William V Chappell Jr,,,,,,
Campbell Thornal,,,,,,
Carl G Rose,,,,,,
Central Florida,,,,,,https://en.wikipedia.org/wiki/Central_Florida
Dana F Fuquay,,,,,,
Daniel Webster Western,,,,,,
Francis L Dade,,,,,,
Getzen,,,,,,
Howard E Futch,,,,,,
Irlo Bronson,politician,,male,1936-06-04,2017-11-20,https://en.wikipedia.org/wiki/Irlo_Bronson_Jr.
Kennedy Space Center,,,,,,https://en.wikipedia.org/wiki/Kennedy_Space_Center
Martin Andersen Beachline,,,,,,
Perkins,,,,,,https://en.wikipedia.org/wiki/Perkins
Rosa Parks,,,,,,https://commons.wikimedia.org/wiki/Category:Rosa_Parks_(tramway_d%27%C3%8Ele-de-France)
Sanlando Springs,,,,,,"https://en.wikipedia.org/wiki/Sanlando_Springs,_Florida"
Semoran,,,male organism,1993-01-01,,
SevilleBunnell,,,,,,
Space Coast,,,,,,https://en.wikipedia.org/wiki/Space_Coast
Anelie Cadet,,,,,,
Arnold Palmer,golfer,,male,1929-09-10,2016-09-25,https://en.wikipedia.org/wiki/Arnold_Palmer
Edna S HargrettThrower,,,,,,
Edward Daniel Davis Sr,,,,,,
Fred N Dunn Sr,,,,,,
James B Green,,,male,,,
John Young,naval officer,,male,1930-09-24,2018-01-05,https://en.wikipedia.org/wiki/John_Young_(astronaut)
Martin L King Jr,,,,,,
Old Apopka Road,,,,,,
Senator Richard H Langley,,,,,,
Spessard L Holland,,,,,,
William B McGee,,,,,,
Kings,,,,,,"https://en.wikipedia.org/wiki/Kingston,_Jamaica"
Officer Matthew Baxter and Sergeant Richard Sam Howard III,,,,,,
Robert Guevara,,,,,,
Senator N Ray Carroll,,,,,,
Hamilton Disston,businessperson,,male,1844-08-23,1896-04-30,https://en.wikipedia.org/wiki/Hamilton_Disston
C A Bill Benedict,,,,,,
George C Means,,,,,,
Korean War Veterans,,,,,,https://en.wikipedia.org/wiki/Korean_War_Veterans_Parkway
Sidney O Chase Jr,,,,,,
William A Kratzert Sr,,,,,,
Florida Veterans,,,,,,
John M Hammer,,,,,,
W H Boswell,,,,,,
Amos Walter Atchley,,,,,,
Charles W Cherry Sr,,,,,,
Clyde Hart,pianist,,male,1910-02-24,1945-03-19,https://en.wikipedia.org/wiki/Clyde_Hart_(pianist)
Congressman Williamm V Chappell Jr,,,,,,
David Hinson,,,,,,
Douglas Stenstrom,lawyer,,male,1921-09-05,2010-06-23,https://en.wikipedia.org/wiki/Douglas_Stenstrom
George Musson,,,,,,
Harris M Saxon,,,,,,
International Speedway,,,,,,https://it.wikipedia.org/wiki/International_Speedway
Kevin John Fischer,,,,,,
Leonard B Knox,,,,,,
POWMIA Rose Bay Bridges,,,,,,
Robert F Grim Sr,,,,,,
St Johns River Veterans,,,,,,
Trooper Darryl Haywood,,,,,,
24th of February,,,,,,https://en.wikipedia.org/wiki/February_24
AB Martin,researcher,,female,,,
African Caribbean Cultural Arts,,,,,,
Aleida Leal,,,,,,
Alexandre Petion,politician,,male,1770-04-02,1818-03-29,https://en.wikipedia.org/wiki/Alexandre_P%C3%A9tion
All America,,,,,,https://en.wikipedia.org/wiki/All_American_Girls
Allapattah,,,,,,https://en.wikipedia.org/wiki/Allapattah
Ambassador Armando Valladares,,,,,,
American Bankers,,,,,,https://en.wikipedia.org/wiki/American_Bankers_Association
Andrew J Capeletti Memorial Ramp,,,,,,
Angel Manuel De La Portilla,,,,,,
Angel Pio de la Portilla,,,,,,
Anne Ackerman,activist,,female,1914-00-00,1989-03-01,https://en.wikipedia.org/wiki/Annie_Ackerman
Anthony J Perez,,,,,,
Armando Perez Yambo,,,,,,
Arnold M Velazquez,,,,,,
Arthur Mays,,,male,1912-01-01,1992-01-01,
Athalie Range,,,,,,
Aventura,,,,,,"https://en.wikipedia.org/wiki/Aventura,_Florida"
Avenue of the Americas,,,,,,https://en.wikipedia.org/wiki/Sixth_Avenue
Benjamin Leon,,,male,1654-09-05,1724-12-21,
Benjamin Leon Jr,,,,,,
Bill Seidle,,,,,,
Billy Kemp,musician,,male,,,
Bird Road State,,,,,,
Biscayne Park,,,,,,"https://en.wikipedia.org/wiki/Biscayne_Park,_Florida"
Bishop Victor Tyrone Curry,,,,,,
Bob Arbetters,,,,,,
Boringuen,,,,,,
Brickell Avenue State,,,,,,
BRIGADA 2506 STREET Carlos Rodriquez Santana,,,,,,
Brownsville Commercial District,,,,,,
Calle Ocho State,,,,,,
CapoisLaMort,,,,,,
Captains Padron Perez and Sosa,,,,,,
Carlos Arboleya,rugby union player,,male,1985-07-23,,https://en.wikipedia.org/wiki/Carlos_Arboleya
Carlos C LopezAguiar,,,,,,
Carrie P Meek,,,,,,
Cesar Calas,,,,,,
Charles Summer,,,male,1911-00-00,,
Chelsie J Senerchia,,,,,,
Coral Way Historic Canopied,,,,,,
Coral Way State,,,,,,
Crandon Boulevard State,,,,,,
CubanAmerican Association of Civil Engineers,,,,,,
Cutler Bay,,,,,,"https://en.wikipedia.org/wiki/Cutler_Bay,_Florida"
Daniel D Diefenbach,,,,,,
Daniel J Mahoney,,,,,,
Dewey Knight Jr,,,,,,
Dolphin,,,,,,https://en.wikipedia.org/wiki/Dolphin_(surname)
Don Shula,American football player,,male,1930-01-04,2020-05-04,https://en.wikipedia.org/wiki/Don_Shula
Dr Armando Bucelo Sr,,,,,,
Dr Jose A Marques,,,,,,
Dr Leonard Cherdack,,,,,,
Dr Oscar Elias Biscet,,,,,,
Dr T Stewart Greer,,,,,,
Dr Vicente GrauImperatori,,,,,,
Elaine Gordon,politician,,female,1931-00-00,2000-02-25,https://en.wikipedia.org/wiki/Elaine_Gordon
Emilio Ochoa,politician,,male,1907-07-04,2007-06-21,https://en.wikipedia.org/wiki/Emilio_Ochoa
Ernesto Montaner,,,,,,
Essie Silva,,,,,,
Estrella Rubio,researcher,,,,,
Ethel Beckford,,,,,,
Father Gerard JeanJuste,,,,,,
Felipe Valls,restaurateur,,male,1933-03-08,2022-11-26,https://en.wikipedia.org/wiki/Felipe_Valls_Sr.
Florencio Kiko Pernas,,,,,,
Frank Pasquarella,,,,,,
Frederick Douglass,journalist,African Americans,male,1817-02-00,1895-02-20,https://en.wikipedia.org/wiki/Frederick_Douglass
George Gill,baseball player,,male,,,https://en.wikipedia.org/wiki/George_Gill_(first_baseman)
Golden Glades,,,,,,"https://en.wikipedia.org/wiki/Golden_Glades,_Florida"
Gwen Cherry,teacher,,female,1923-08-27,1979-02-07,https://en.wikipedia.org/wiki/Gwen_Cherry
Henri Levy,rabbi,,male,1883-06-07,1942-08-13,https://de.wikipedia.org/wiki/Henri_L%C3%A9vy_(Rabbiner)
Herbert Lee Simon,,,,,,
Historic Biscayne Boulevard Gateway to Miami,,,,,,
Honorable Robert B Ingram PhD,,,,,,
Hugh Anderson,,,,,,
Interama,,,,,,https://en.wikipedia.org/wiki/Parque_de_la_Ciudad
JeanJacques Dessalines,,,,,,
Jean Baptiste Point du Sable,merchant,,male,1745-01-01,1818-08-28,https://en.wikipedia.org/wiki/Jean_Baptiste_Point_du_Sable
Jefferson Reaves Sr,,,,,,
Jerry Underwood,saxophonist,,male,1956-08-14,2002-08-03,https://de.wikipedia.org/wiki/Jerry_Underwood
Jim Mandich,American football player,,male,1948-07-30,2011-04-26,https://en.wikipedia.org/wiki/Jim_Mandich
John F Cosgrove,,,,,,
John F Kennedy,politician,Irish Americans,male,1917-05-29,1963-11-22,https://en.wikipedia.org/wiki/John_F._Kennedy
John H Levi,,,,,,
John I Smith,engraver,,male,1652-01-01,1742-01-01,https://en.wikipedia.org/wiki/John_Smith_(engraver)
John J Brunettie Sr,,,,,,
John Torrese Family,,,,,,
Jorge L Cabrera,,,,,,
Jorge Mas Canosa,businessperson,,male,1939-09-21,1997-11-23,https://en.wikipedia.org/wiki/Jorge_Mas_Canosa
Jose Regueiro,researcher,,male,1901-00-00,,
Joseph Emmanuel Manno Charlemagne,,,,,,
Judge Steve Levine,,,,,,
Judge Wilkie D Ferguson Jr,,,,,,
Judy Drucker,,,,,,
Julia Tuttle,businessperson,,female,1849-01-22,1898-09-14,https://en.wikipedia.org/wiki/Julia_Tuttle
Killian Drive State,,,,,,
Le Jeune State,,,,,,
LincolnMarti,,,,,,
Lolo Villalobos,,,male,1913-08-27,1997-01-14,https://en.wikipedia.org/wiki/Lolo_Villalobos
Loring P Evans,,,,,,
Lourdes P Aguila,,,,,,
Lt Colonel Charles Brown,,,,,,
Luis Conte Aguero,historian,,male,1924-07-06,2025-07-12,https://ar.wikipedia.org/wiki/%D9%84%D9%88%D9%8A%D8%B3_%D9%83%D9%88%D9%86%D8%AA%D9%8A_%D8%A3%D8%BA%D9%88%D9%8A%D8%B1%D9%88
Maestro Luis Casas Romero,,,,,,
Manny Añon,,,,,,
Manolo Reyes,journalist,,male,1924-07-29,2008-01-03,https://en.wikipedia.org/wiki/Manolo_Reyes
Manuel Capo,,,,,,
Marilyn Culp,,,,,,
Marjory Stoneman Douglas Sunset,,,,,,
Marlins,,,,,,https://en.wikipedia.org/wiki/Miami_Marlins
Martha Flores,announcer,,female,1928-12-28,2020-07-18,https://es.wikipedia.org/wiki/Martha_Flores
Mary Ellen Miller,scholar of English,,female,1935-00-00,,
Maurice Rosen,,,male,1919-01-01,1995-01-01,
Mayor General Ignacio Agramonte y Loynaz,,,,,,
Miami Medical Team,,,,,,
Milton Littman,,,,,,
Miss Lillie Williams,,,,,,
Monsignor Emilio Vallina,,,,,,
Mrs Ann Carlton,,,,,,
MSgt Benjamin Strickland,,,,,,
Natan R Rok,,,,,,
Norman Giller,producer,,,,,
North Miami Beach,,,,,,"https://en.wikipedia.org/wiki/North_Miami_Beach,_Florida"
Ofelia PerezRoura,,,,,,
Olga Guillot,actor,,female,1922-10-09,2010-07-12,https://en.wikipedia.org/wiki/Olga_Guillot
Orange Bowl,,,,,,https://en.wikipedia.org/wiki/Orange_Bowl
Osuns Village,,,,,,
Palmetto Bay,,,,,,"https://en.wikipedia.org/wiki/Palmetto_Bay,_Florida"
Pastors Dr Randall  Sharlene Holts,,,,,,
Phicol Williams,,,,,,
Pinecrest,,,,,,"https://en.wikipedia.org/wiki/Pinecrest,_Florida"
Rafael DiazBalart,,,,,,
Ramon Puig,dub actor,,male,1910-00-00,2007-00-00,
Raquel Regalado,,,,,,
Raul L MartinezJose Abreu Pass,,,,,,
Red Road State,,,,,,
Rev Jorge Comesanas,,,,,,
Reverend Dr CP Preston Jr,,,,,,
Reverend Max Salvador,,,,,,
Reverend Samuel Atchison,,,,,,
Ricardo Karakadze,,,,,,
Rick Ricciardelli,,,,,,
Rickenbaker,,,,,,
Robert Frost,poet,,male,1874-03-26,1963-01-29,https://en.wikipedia.org/wiki/Robert_Frost
Robert L Blum,researcher,,male,,,
Rodolfo Garcia,lawyer,,male,1873-05-25,1949-11-14,https://pt.wikipedia.org/wiki/Rodolfo_Garcia
Roi Henri Christophe,,,,,,
Rolando Encinosa,,,,,,
Rosendo Rosell,,,,,,
Roy F Kenzie,,,,,,
SW 62nd Avenue,,,,,,
Saint Marcellin Champagnat,Catholic priest,,male,1789-05-20,1840-06-06,https://en.wikipedia.org/wiki/Marcellin_Champagnat
Senator Ruben Mendiola,,,,,,
Senator Sherman Winn,,,,,,
Shawn ODare,,,,,,
Shepard Broad,banker,,male,1906-07-08,2001-11-06,https://en.wikipedia.org/wiki/Shepard_Broad
Sidney Alterman,,,,,,
Sigmund Zilber,,,,,,
Singer,,,,,,https://en.wikipedia.org/wiki/Singer_(surname)
South Bayshore Drive,,,,,,
South Miami Avenue,,,,,,https://en.wikipedia.org/wiki/Miami_Avenue
Steve Mainster,,,,,,
Steven Cranman,,,,,,
Sunny Isles,,,,,,"https://en.wikipedia.org/wiki/Sunny_Isles_Beach,_Florida"
Sunset Drive State,,,,,,
Tanya Martin Oubre Pekel,,,,,,
Toussaint LOuverture Blvd,,,,,,
Trooper Robert G Smith,,,,,,
Victor Hernandez Sr,,,,,,
Will James Johnson,,,,,,
William H Turner,,,,,,
William Lehman,politician,,male,1913-10-05,2005-03-16,https://en.wikipedia.org/wiki/William_Lehman_(Florida_politician)
Willy Chirino,singer,,male,1947-04-05,,https://en.wikipedia.org/wiki/Willy_Chirino
Yitzhak Rabin,diplomat,Jewish people,male,1922-03-01,1995-11-04,https://en.wikipedia.org/wiki/Yitzhak_Rabin
Zuly Reyes,,,,,,
Dante B Fascell,,,,,,
Representative Bernie C Papy,,,,,,
Whale Harbor Joe Roth Jr,,,,,,
Harry S Truman Overseas,,,,,,
Gale Lemerand,,,,,,
Kermit Sigmon,,,,,,
Patricia Angella Barrett Lewis and Charlton Pernell Lewis,,,,,,
Marge Pearlson,,,,,,
Reverend Wilner Maxy,,,,,,
Brittan Alexander,,,,,,
Burton R Quinn,,,,,,
Franklin Hair,,,,,,
Trooper Ronald Gordon Smith,,,,,,
Deputy Lonnie Coburn,,,,,,
Andrew J Aviles,,,,,,
Art Pepin,,,,,,
August A Busch Jr,,,,,,
Blue Star,,,,,,https://pl.wikipedia.org/wiki/Blue_Star
Brandon,,,,,,https://en.wikipedia.org/wiki/Brandon_(given_name)
Corporal Michael Joseph Roberts,,,,,,
Fortune Taylor,,,,,,
Gonzmart,,,,,,
Ivey Edward Cannon,,,,,,
James L Redman,,,,,,
Jim Holmes,association football player,,male,1955-12-08,,https://en.wikipedia.org/wiki/Jim_Holmes_(footballer)
Lee Roy Selmon,American football player,,male,1954-10-20,2011-09-04,https://en.wikipedia.org/wiki/Lee_Roy_Selmon
Licata,,,,,,https://en.wikipedia.org/wiki/Licata
"Officer Jeffery A Kocab and Officer
David L Curtis",,,,,,
Pepin,,,,,,https://commons.wikimedia.org/wiki/Category:Pepin_(surname)
Stevie LaDue Giving Hope,,,,,,
Sun City Center,,,,,,"https://en.wikipedia.org/wiki/Sun_City_Center,_Florida"
Trooper Kenneth E Flynt,,,,,,
W Howard Frankland,,,,,,
W T Williams,,,,,,
Deputy John C Mecklenburg Memorial Highway,,,,,,
Nature Coast,,,,,,https://en.wikipedia.org/wiki/Nature_Coast
Paul S Buchman,,,,,,
Agent John Van Waters,,,,,,
Captain Charles Bo Harrison,,,,,,
Constable Arthur Fleece Crenshaw,,,,,,
Darce Taylor Crist,,,,,,
Father Felix Ullrich,,,,,,
John Van Waters,economist,,male,1920-01-19,2000-12-09,https://nl.wikipedia.org/wiki/John_van_Waterschoot
Schrader,,,,,,https://en.wikipedia.org/wiki/Schrader
State Trooper James Crooks,,,,,,
Bob GrahamSunshine Skyway,,,,,,
Command Sergeant Major Gary Lee Littrell Medal of Honor Causeway and,,,,,,
Corey,,,,,,https://commons.wikimedia.org/wiki/Category:Corey_(given_name)
Dr Edward Cole,,,,,,
Eisenhower,,,,,,https://en.wikipedia.org/wiki/Eisenhower_(surname)
Madeira Beach Causeway and Madeira Beach,,,,,,
Officer Charles Charlie K Kondek Jr,,,,,,
PE Gene Carpenter,,,,,,
Sgt Thomas J Baitinger Officer Jeffrey A Yaslowitz and Officer David S Crawford,,,,,,
St PetersburgWilliam C Cramer,,,,,,
Tom Stuart,actor,,male,,,
William Ennels Dean Jr,,,,,,
Barkett,,,,,,https://commons.wikimedia.org/wiki/Category:Barkett_(surname)
Nick Capitano,,,,,,
Officer Jesse Madsen,,,,,,
Sergeant Brian LaVigne,,,,,,
Deputy Michael J Magli,,,,,,
Sgt George Lee Taylor Sr,,,,,,
Pio Ieraci,,,,,,
Veterans Honor,,,,,,
Warren Alvarez,,,,,,
Pensacola Police Fallen Heroes,,,,,,
Staff Sergeant Keon Clyde Sands,,,,,,
Maximino Capdevila,,,,,,
Virginia Creighton,,,,,,
Sergeant First Class Michael C Aten,,,,,,
Coach Guy Thomas,,,,,,
98 Points of Light,,,,,,
Anthony Reznik,,,,,,
Arturo Diaz Artiles Plaza,,,,,,
Bellas Artes,,,,,,https://en.wikipedia.org/wiki/Bellas_Artes_metro_station_(Mexico_City)
Oswaldo Payá,politician,,male,1952-02-29,2012-07-22,https://en.wikipedia.org/wiki/Oswaldo_Pay%C3%A1
Soul of Miami,,,,,,
Cheryl H Cates,,,,,,
Austin D Gayne,,,,,,
Deputy Sheriff Donta Manuel and Deputy Sheriff Jonathan Wallace,,,,,,
Ira Mae WellsBruce,,,,,,
Reverend Murray Hamilton Sr,,,,,,
Private Tillman R Clark,,,,,,
Deputy William Gentry Jr,,,,,,
Michael Moskowitz,,,male,,,
United Spanish War Veterans,,,,,,https://en.wikipedia.org/wiki/United_Spanish_War_Veterans
General Bill Lundy,,,,,,
P J Langford,,,,,,
Nott Circle Roundabout,,,,,,
First Coast,,,,,,https://gl.wikipedia.org/wiki/Northeast_Florida
GeorgiaFlorida Military,,,,,,
Hays Lewis,,,,,,
Backwood,,,,,,https://en.wikipedia.org/wiki/Backwoods_Barbie
Buccaneer,,,,,,https://en.wikipedia.org/wiki/Buccaneer_(video_game)
Pierce Snowden,,,,,,
Marjorie Merriweather Post,socialite,,female,1887-03-15,1973-09-12,https://en.wikipedia.org/wiki/Marjorie_Merriweather_Post
Old Cutler Road State,,,,,,
Atlantic Beach,,,,,,"https://en.wikipedia.org/wiki/Atlantic_Beach,_Florida"
Kenneth C Mock,,,,,,
Peninsular Key,,,,,,
George Crady,politician,,male,1931-06-14,,https://en.wikipedia.org/wiki/George_Crady
Chase Coyner and Matthew Powers Memorial Roundabout,,,,,,
Deputy Sheriff Morris Fish,,,,,,
Christa McAuliffe,astronaut,,female,1948-09-02,1986-01-28,https://en.wikipedia.org/wiki/Christa_McAuliffe
Deputy Sheriff Barbara Ann Pill,,,,,,
Kyle Lee Patterson,,,,,,
Archbishop Edward A McCarthy High School,,,,,,
Coach Gwendolyn Maxwell Bridge to Ribault,,,,,,
Officer Christopher Michael Kane,,,,,,
Officer Scott Eric Bell,,,,,,
Lewis Bear Jr,,,,,,
Senior Inspector Rita Jane Hall,,,,,,
Mama Elsa,,,,,,
Deputy Sheriff Eugene Stetson Gregory,,,,,,
SSgt Carl Philippe Enis,,,,,,
Corporal James McWhorter,,,,,,
Officer Kevin Valencia,,,,,,
Lois D Martin,,,,,,
Deputy Sheriff Michael Hartwick,,,,,,
SPC Zachary L Shannon,,,,,,
Sgt Maj Thomas Richard Ric Landreth,,,,,,
Michael Scott Williams,,,,,,
Rush Limbaugh,radio personality,,male,1951-01-12,2021-02-17,https://en.wikipedia.org/wiki/Rush_Limbaugh
Dr Sally Ride,,,,,,
Jimmy Buffett,singer,,male,1946-12-25,2023-09-01,https://en.wikipedia.org/wiki/Jimmy_Buffett
Heroes,,,,,,https://en.wikipedia.org/wiki/Heroes_of_the_Storm
Sergeant Elio Diaz,,,,,,
PBSO Motorman,,,,,,
Staff Sergeant Matthew Sitton,,,,,,
Sheriff Gary S Borders,,,,,,
Master Deputy Bradley Link,,,,,,
Sergeant Karl Strohsal,,,,,,
SPC Daniel J Agami,,,,,,
Deputy William May,,,,,,
Master Patrol Officer Jesse Madsen,,,,,,
Geraldine Thompson,socialite,,female,1902-10-06,1949-01-01,https://commons.wikimedia.org/wiki/Category:Geraldine_Thompson
Harris Rosen,investor,,male,1939-09-09,2024-11-25,https://en.wikipedia.org/wiki/Harris_Rosen
Harry Frisch,,,,,,
Senator James A Sebesta,,,,,,
Congressman Lincoln DiazBalart,,,,,,
Jose Wejebe,,,,,,
Celia Cruz,singer,,female,1925-10-21,2003-07-16,https://en.wikipedia.org/wiki/Celia_Cruz
President Donald J Trump,business magnate,White Americans,male,1946-06-14,,https://en.wikipedia.org/wiki/Donald_Trump
Sonia Castro,politician,,female,,,
